17-Jul,17-Aug,17-Sep,17-Oct,17-Nov,17-Dec,18-Jan,18-Feb,18-Mar,18-Apr,18-May,18-Jun
40500,33100,27100,22200,22200,22200,27100,27100,27100,33100,40500,40500
5400,4400,5400,5400,5400,5400,6600,8100,6600,6600,6600,8100
49500,33100,33100,33100,33100,33100,40500,60500,90500,60500,60500,60500
74000,74000,60500,40500,40500,40500,49500,49500,33100,60500,74000,74000
5400,4400,4400,5400,6600,8100,14800,18100,18100,6600,6600,6600
2900,1600,1300,1300,1000,1000,1300,1300,2900,6600,9900,8100
6600,4400,3600,3600,3600,2900,4400,8100,14800,18100,9900,6600
18100,18100,14800,18100,14800,14800,18100,14800,14800,18100,18100,18100
320,210,140,90,90,70,30,20,30,20,10,10
1000,1000,1300,1600,1600,1600,2400,4400,2900,1600,1900,1600
3600,1900,1000,2900,2900,2400,2400,1900,2900,3600,2900,2900
33100,33100,40500,40500,40500,27100,40500,40500,40500,40500,33100,33100
590,720,590,480,480,390,480,590,590,880,720,880
260,210,210,210,260,260,480,480,590,590,590,390
2400,1600,1300,1000,880,720,1300,1300,1000,590,590,880
14800,14800,14800,14800,14800,12100,18100,14800,18100,22200,18100,18100
3600,3600,5400,2900,2900,1900,2900,2900,3600,3600,2900,2900
1000,1000,1300,1900,1900,1900,3600,5400,4400,3600,2400,1900
320,210,210,210,260,210,210,210,320,720,1000,390
140,140,170,260,140,170,390,2900,1900,480,390,320
480,320,390,390,320,320,320,320,480,880,1000,720
590,480,720,880,880,1000,2400,5400,2900,1600,1000,880
390,390,390,390,480,320,480,480,590,480,480,480
1900,1000,880,880,1000,1300,2400,3600,8100,9900,3600,1900
880,1300,880,720,590,720,880,880,1300,1900,2400,1600
6600,5400,4400,5400,6600,8100,14800,22200,18100,8100,6600,8100
1300,1000,1300,1300,1000,880,1000,1300,1300,1300,1300,1600
720,480,480,390,260,210,320,480,1000,1600,2400,2400
1300,480,70,50,50,90,170,170,480,1600,2400,1600
1900,1900,2400,2400,2900,2900,2900,2900,2900,2900,2400,2400
10,10,10,10,10,10,10,10,20,10,10,10
90,70,90,140,140,210,390,210,390,1300,1600,720
480,320,390,320,320,260,480,590,590,390,390,390
390,320,320,260,260,170,260,390,480,390,390,390
590,480,390,390,480,880,1000,720,480,720,720,880
480,480,720,880,1000,1300,1900,9900,5400,1900,2400,1600
170,260,170,140,170,110,170,170,170,170,210,210
590,590,590,480,390,390,390,320,480,720,720,720
590,590,590,480,390,480,590,590,590,880,720,880
40,20,20,30,40,40,50,30,40,70,70,50
70,40,30,10,20,10,30,20,10,10,10,10
390,320,390,390,390,320,590,880,880,590,590,480
590,590,480,480,390,480,480,480,390,480,590,590
70,70,170,320,480,720,1000,390,90,20,30,70
5400,6600,6600,6600,5400,8100,9900,165000,8100,4400,4400,4400
880,480,70,40,30,90,170,170,390,1000,1600,1000
880,480,480,390,590,480,590,1000,2400,2900,1300,720
880,210,40,20,20,30,70,90,320,880,880,880
880,720,590,590,720,720,1000,1600,1900,880,880,880
170,170,170,140,90,90,170,140,140,140,110,110
70,70,70,50,50,40,70,50,110,170,320,140
320,210,170,170,210,140,260,140,170,390,480,390
720,260,170,210,260,260,320,260,480,1300,1900,1300
480,480,390,320,320,260,320,320,390,590,720,590
480,480,590,880,720,480,320,110,30,90,140,320
50,40,40,50,70,50,140,110,170,480,590,260
0,10,10,10,0,0,0,0,0,0,0,0
320,210,170,170,170,170,210,170,260,390,590,320
210,170,170,210,170,170,260,390,390,390,320,260
390,390,210,210,170,210,210,170,210,390,720,390
320,90,20,20,10,30,50,90,260,720,590,480
320,320,260,260,260,210,320,320,260,590,590,480
170,110,140,140,140,70,110,140,170,170,170,170
210,260,320,210,260,170,320,390,320,260,210,210
2900,2400,1900,1900,2400,2400,4400,8100,8100,2900,2400,2900
320,170,140,140,140,140,170,170,260,590,880,590
320,140,140,260,210,210,210,90,90,210,880,880
70,70,70,70,70,50,70,90,140,90,90,110
480,390,390,390,320,320,390,390,390,480,390,320
170,170,170,210,210,260,320,390,590,260,260,210
720,720,590,390,390,390,390,480,590,880,1000,880
210,170,140,210,260,320,390,880,1300,720,320,320
0,0,0,0,0,0,0,0,0,0,0,0
0,0,0,0,0,0,10,0,10,0,0,0
70,50,70,90,90,90,390,1000,590,210,390,260
720,320,260,260,210,210,170,110,110,260,590,880
10,10,0,0,0,0,0,0,0,0,10,10
50,70,110,170,320,390,390,260,210,110,50,50
210,140,170,170,110,110,170,260,320,320,260,260
210,110,140,140,170,210,480,720,880,720,390,210
170,170,170,260,260,260,590,720,480,480,320,210
110,110,70,40,30,30,40,40,90,210,210,140
390,320,260,170,170,110,210,320,320,480,390,390
1900,1600,1300,1300,1900,1900,3600,6600,6600,2400,1900,1900
110,90,110,140,140,210,320,390,210,140,210,210
20,20,20,30,30,30,50,480,260,70,40,40
246000,246000,246000,246000,246000,201000,246000,246000,246000,246000,246000,246000
390,390,390,320,320,320,320,390,390,480,590,480
260,210,210,210,170,140,260,320,390,390,390,260
480,170,140,90,70,50,20,10,10,20,50,10
135000,110000,135000,110000,110000,90500,135000,110000,135000,135000,135000,110000
1900,1900,1600,1900,1600,1600,1900,1600,1900,1900,1900,1900
320,320,480,260,260,210,260,390,720,720,390,390
70,90,110,210,210,320,480,210,90,30,30,40
170,110,110,90,90,140,140,90,170,260,260,170
2400,1600,1600,1600,1300,1300,1600,1600,1600,1900,2900,2400
90,50,40,30,30,20,50,50,70,90,90,70
70,70,90,70,70,70,70,110,110,110,90,70
1600,1600,1300,1300,1300,1000,1600,1300,1600,1600,1900,1600
720,590,720,590,880,1000,1300,1000,1000,1000,880,720
135000,135000,135000,135000,110000,110000,135000,110000,135000,135000,135000,135000
880,720,720,720,720,720,880,880,880,1000,1000,880
390,260,210,210,170,210,210,110,110,170,390,720
210,70,30,20,20,10,10,10,10,10,10,10
260,170,140,110,110,140,170,140,140,170,260,260
246000,246000,246000,246000,201000,201000,201000,201000,246000,301000,246000,246000
49500,49500,49500,49500,49500,40500,49500,49500,60500,49500,49500,49500
590,260,170,210,210,320,390,260,90,210,880,1900
480,390,260,260,210,210,260,210,170,260,320,390
90,90,140,170,140,170,320,480,320,170,140,110
14800,14800,14800,14800,12100,12100,18100,14800,14800,14800,18100,18100
480,390,720,260,390,390,260,170,590,880,480,590
20,10,20,20,10,10,10,20,10,10,10,10
2900,3600,4400,3600,3600,2900,3600,3600,5400,4400,4400,4400
1900,1900,1900,1900,1300,1300,1300,1000,1300,2400,2400,2400
140,110,70,90,70,70,90,110,110,50,50,50
170,140,140,110,110,70,90,90,110,140,140,110
33100,33100,33100,33100,27100,33100,40500,33100,40500,40500,33100,33100
40,30,50,50,70,70,90,140,170,50,40,30
70,20,10,10,10,10,20,10,30,50,110,90
3600,1900,2400,3600,2400,2900,3600,3600,5400,4400,3600,3600
10,10,10,10,0,0,0,0,0,0,0,10
110,70,90,70,70,50,70,70,90,70,70,70
90500,90500,90500,90500,74000,74000,90500,74000,74000,90500,90500,90500
2400,2400,2400,2400,1900,1900,2400,2400,2400,2400,2400,2400
50,50,70,70,50,50,50,70,40,110,90,90
210,210,210,210,170,140,110,210,140,170,260,320
14800,12100,14800,12100,9900,9900,14800,14800,14800,12100,12100,12100
140,110,110,90,70,90,110,110,90,140,170,170
260,320,170,210,170,140,210,170,140,210,260,260
40,50,70,70,110,140,210,110,90,50,30,40
90,90,110,140,170,210,260,320,320,320,320,390
170,140,170,140,140,140,210,260,390,320,170,170
390,390,390,390,390,320,480,590,590,590,590,480
390,210,140,140,110,110,140,70,70,140,260,320
20,20,10,30,10,20,50,70,70,40,30,20
110,110,70,90,70,70,70,70,50,140,480,260
1300,1300,1300,1300,1000,1000,1000,1000,1000,1000,1000,880
50,40,30,30,30,20,40,30,30,50,40,40
20,20,20,40,20,20,40,90,50,70,70,30
10,10,10,10,10,10,10,30,30,10,20,10
50,70,50,70,90,70,140,260,170,110,110,90
170,90,10,10,0,10,10,10,20,40,50,70
3600,1900,1900,2900,4400,5400,12100,27100,27100,8100,5400,8100
1600,2400,2400,2400,2400,1900,2400,1900,2400,2900,2400,1600
50,50,50,50,50,40,70,70,70,70,50,70
170,50,40,30,20,10,10,10,0,10,20,10
170,110,140,140,170,170,260,720,480,210,390,260
50,40,50,70,110,140,260,320,260,110,70,30
720,260,210,320,390,480,480,170,70,170,720,1300
140,480,260,70,140,210,390,880,70,90,140,90
50,40,30,20,20,20,30,40,30,30,40,70
90500,90500,90500,90500,90500,90500,110000,110000,135000,110000,110000,110000
260,260,320,390,320,320,480,480,390,390,320,320
1900,2400,1900,1900,2400,2900,3600,14800,2400,2400,2400,4400
50,50,90,110,90,110,170,260,140,110,70,70
14800,14800,14800,14800,12100,12100,14800,14800,14800,14800,14800,14800
20,20,10,10,10,10,10,10,10,10,0,10
170,140,170,210,210,170,260,210,210,260,260,260
10,0,0,0,0,0,0,0,0,0,0,0
2400,2400,2400,2400,1900,1900,2400,2900,2900,3600,2900,2400
880,1000,1000,1300,1300,1900,1900,1900,1900,2900,2900,3600
2400,1900,1900,1900,1900,1900,4400,5400,9900,8100,8100,8100
40,50,20,30,30,40,30,50,50,70,90,70
110,90,90,90,90,110,140,140,170,170,110,90
10,10,20,10,10,40,40,50,30,20,20,20
480,390,480,480,390,390,590,480,480,480,480,390
20,20,20,20,20,40,30,260,170,40,40,30
40,40,40,70,90,70,210,140,90,50,40,20
50,20,30,20,10,10,30,20,40,110,170,90
18100,14800,14800,14800,12100,12100,14800,14800,14800,14800,14800,14800
10,10,10,10,0,10,10,10,10,10,20,10
260,140,110,90,90,50,70,70,110,260,590,390
880,720,720,720,590,590,720,590,720,1000,1000,880
10,10,10,10,10,10,20,20,10,10,10,10
10,0,10,10,10,10,10,0,0,0,10,10
10,20,30,50,50,90,140,170,70,110,70,40
20,10,10,10,10,20,10,10,20,20,30,40
30,20,20,20,10,10,10,10,10,10,10,10
6600,3600,2900,3600,3600,2900,3600,2400,1300,3600,6600,8100
10,10,10,10,10,10,40,20,90,320,320,140
880,720,590,590,480,390,390,320,320,720,720,720
10,0,0,0,10,0,0,0,0,0,0,0
70,40,40,30,30,30,40,50,170,170,90,70
170,110,90,140,90,210,140,170,110,50,40,20
10,10,20,20,30,50,70,20,10,0,10,10
480,720,880,1000,1000,1000,1300,1300,1300,1900,1600,1900
368000,246000,201000,201000,201000,165000,246000,368000,673000,450000,368000,368000
6600,5400,5400,5400,4400,4400,5400,6600,9900,12100,8100,8100
140,90,90,140,90,90,140,140,140,140,140,140
10,10,10,10,10,10,10,10,10,10,0,10
1300,1300,1300,1300,1300,1000,1300,1300,1300,1600,1600,1300
1000,720,880,1000,880,880,720,590,1000,1000,720,480
0,0,10,0,0,0,0,0,0,10,0,0
260,90,110,40,70,40,50,20,70,170,260,210
12100,5400,4400,6600,6600,6600,6600,3600,1600,4400,9900,14800
40,10,10,10,10,10,30,30,30,10,40,50
40,40,30,40,50,50,90,70,140,110,140,110
40500,22200,22200,18100,18100,18100,18100,18100,18100,18100,18100,18100
30,10,40,50,40,70,170,320,140,90,70,30
3600,4400,3600,6600,2900,2400,3600,2900,2400,3600,3600,4400
210,140,90,90,140,170,260,170,40,110,210,260
10,0,10,10,10,10,0,0,0,0,0,0
260,260,320,260,320,260,320,320,260,320,210,260
70,40,50,50,70,50,90,110,110,70,90,50
720,720,720,720,590,480,590,590,590,720,720,720
10,10,10,10,10,10,10,10,10,20,20,40
390,390,320,390,320,390,480,390,480,390,390,320
110,70,70,90,90,90,90,90,70,210,320,210
550000,368000,301000,368000,301000,301000,368000,550000,823000,673000,550000,450000
1900,2400,2400,2400,2400,3600,5400,4400,1300,2400,3600,4400
30,30,70,70,40,40,30,30,70,110,110,50
10,10,20,30,10,10,0,10,0,0,0,0
0,10,0,10,0,10,0,0,0,0,0,0
1600,1000,1600,1900,1600,1300,1900,1900,2400,2900,1900,1900
1000,480,390,480,390,390,390,260,390,480,720,1000
390,90,10,10,0,10,10,10,10,10,20,10
30,20,10,30,20,10,20,20,10,30,70,40
50,10,0,0,0,10,10,10,10,40,70,40
210,260,260,260,210,140,320,260,260,170,170,170
390,390,480,390,390,390,480,590,590,480,320,390
20,20,10,10,20,30,90,140,70,40,30,20
10,0,0,0,0,0,10,0,0,0,0,0
20,10,10,20,10,10,20,20,10,30,40,40
27100,27100,27100,27100,22200,22200,27100,27100,27100,27100,27100,27100
1900,1300,1000,1300,1000,1300,1600,1900,2400,1900,2400,1900
30,30,40,40,50,30,30,40,30,90,50,50
260,170,140,140,140,110,260,320,720,720,590,590
70,50,30,110,50,40,70,70,140,140,140,110
30,20,50,110,90,70,50,20,10,10,10,10
30,90,260,170,140,70,40,10,10,10,10,30
40,30,20,40,30,40,30,50,40,20,10,20
590,390,320,90,70,210,210,90,140,90,210,210
10,10,10,10,10,10,30,30,10,10,10,10
30,30,30,30,30,20,30,50,70,50,50,40
30,20,30,40,50,50,20,20,50,90,40,30
1220000,1220000,1000000,1220000,1000000,1000000,1220000,1220000,1220000,1220000,1220000,1000000
10,10,10,10,0,10,10,10,10,10,20,30
90,70,50,70,50,50,90,110,210,320,320,170
70,70,50,90,90,70,90,90,110,140,110,90
10,10,20,20,10,20,10,10,20,10,10,10
1300,1000,1300,1300,1300,1300,1900,1900,1900,1900,1600,1300
30,20,30,40,50,50,90,170,110,50,40,30
0,10,10,0,0,0,0,0,0,10,10,10
1600,1900,1300,1900,1900,1900,2900,2900,2400,1000,1300,1600
10,10,0,10,10,10,10,10,10,30,40,10
320,320,320,320,390,260,480,320,390,390,320,260
70,10,10,10,10,10,10,10,20,140,140,70
30,40,10,0,10,10,0,10,10,20,30,40
20,30,20,30,40,20,30,20,20,70,90,110
10,10,10,10,10,20,20,30,10,20,10,10
18100,9900,8100,9900,9900,12100,14800,33100,60500,33100,18100,18100
20,10,10,10,10,10,10,30,20,20,20,10
50,30,30,40,30,40,40,30,50,90,90,90
0,0,0,0,0,0,10,0,0,0,10,10
2400,1900,1600,1600,1300,880,1000,1900,2400,2400,2400,2400
1600,1600,2400,2400,2400,2400,4400,4400,3600,2900,2400,1900
10,10,0,0,0,0,10,0,10,10,10,10
720,590,880,720,720,590,880,720,880,720,880,720
1300,720,720,720,590,590,1000,1600,2400,2900,2400,1600
8100,6600,5400,6600,6600,6600,8100,8100,14800,12100,9900,9900
590,590,590,480,480,480,480,390,390,480,590,720
20,10,10,10,0,10,10,10,20,140,320,210
0,0,10,0,0,0,0,0,0,10,10,10
30,10,10,20,10,10,20,20,40,50,20,10
210,260,210,210,210,210,210,140,170,210,210,260
18100,18100,22200,18100,18100,14800,18100,27100,40500,40500,40500,33100
10,10,0,10,10,0,0,0,10,0,10,10
10,10,0,0,0,0,0,0,10,50,90,90
260,210,210,260,320,390,480,480,590,480,320,320
260,210,210,260,170,210,320,480,480,390,320,210
10,10,10,0,10,0,10,70,140,720,390,110
70,40,40,20,20,40,30,50,50,30,30,30
20,10,20,10,10,10,10,10,0,10,10,10
0,0,10,0,0,0,0,0,0,0,0,0
10,0,0,0,0,0,0,0,10,10,0,10
20,10,10,10,10,10,10,20,20,30,30,20
90,40,40,30,50,40,40,50,70,70,70,50
0,10,0,0,0,0,0,0,0,0,0,0
30,30,40,40,30,20,20,10,20,10,10,10
1900,1900,1600,1300,1000,1000,1300,1300,1300,1900,2900,2900
50,70,90,20,10,0,0,10,0,10,10,10
70,50,90,110,90,70,110,110,90,110,140,90
70,40,170,170,70,90,90,140,170,170,260,140
10,10,0,0,10,10,10,40,70,170,260,90
50,40,50,30,50,20,40,40,20,20,50,70
30,20,10,10,10,10,10,20,20,10,20,20
30,20,20,20,30,20,30,70,110,70,50,40
170,110,110,140,210,110,210,140,170,260,210,210
10,10,10,20,10,20,30,50,30,10,10,10
10,10,10,10,10,10,10,10,10,10,30,70
2900,2900,2400,2400,1900,1900,2400,1900,1900,1900,2400,2900
30,10,10,10,10,10,10,10,10,20,10,10
10,10,10,10,10,10,10,10,20,10,20,10
20,30,20,40,30,30,40,50,90,50,30,30
10,10,10,20,10,40,70,210,320,170,40,20
390,260,320,320,390,480,880,1900,2400,1000,590,480
20,10,10,20,20,20,30,30,20,40,20,20
10,0,10,0,0,0,0,0,0,0,0,0
10,10,10,10,10,30,90,90,320,880,1300,390
0,0,0,0,0,10,0,0,0,0,0,10
20,10,10,10,10,10,10,10,20,30,40,20
10,0,0,0,0,0,0,0,0,0,0,0
30,20,30,40,40,40,110,110,50,40,30,20
110,70,110,110,110,90,140,140,140,170,110,140
10,10,10,10,10,10,10,10,10,10,10,10
320,260,170,140,320,260,390,260,320,320,320,320
170,140,140,210,260,210,320,260,210,210,140,110
1300,720,480,480,320,390,720,720,1900,3600,3600,2400
90,90,70,90,90,70,110,140,170,140,140,110
10,0,0,0,0,10,10,0,0,0,0,0
70,10,10,30,10,20,20,20,10,20,40,20
260,170,320,260,210,260,390,260,390,170,320,260
10,10,10,0,10,10,10,10,40,140,210,70
40,30,50,40,40,40,40,40,30,30,50,20
10,10,0,10,10,10,50,90,390,1000,590,110
10,10,10,10,10,10,10,10,10,10,10,10
390,390,260,210,210,260,320,260,320,590,880,720
210,260,320,210,140,140,170,170,210,140,320,720
880,590,590,720,590,720,720,1000,1900,1900,1900,2400
40,20,20,20,20,20,10,10,10,10,30,40
10,10,10,10,10,10,10,10,20,20,20,10
33100,18100,27100,22200,14800,8100,33100,40500,27100,40500,40500,33100
1600,880,590,720,590,720,880,480,480,1300,1600,1300
140,90,110,110,90,90,170,140,110,140,140,110
40,50,30,30,40,30,40,40,10,20,20,30
27100,27100,27100,27100,27100,18100,27100,27100,27100,22200,27100,22200
0,0,10,0,10,0,10,10,10,0,0,0
10,10,10,10,10,10,20,20,10,20,10,10
480,390,480,480,390,390,480,390,480,590,590,480
720,590,720,720,590,590,720,590,590,880,880,720
2400,2400,2400,2400,1900,1900,2900,2900,2400,1900,1900,1600
0,10,0,0,10,10,0,10,0,10,10,10
10,10,10,10,10,10,10,10,10,10,10,10
3600,4400,3600,2900,3600,3600,3600,2900,2400,2900,3600,5400
110,50,50,50,70,90,170,260,390,260,170,110
20,20,20,10,20,30,50,50,110,70,50,30
170,170,210,170,170,170,260,210,260,210,260,210
0,10,10,10,10,0,10,0,0,10,10,10
30,20,20,20,20,20,20,20,10,20,30,40
0,0,10,0,0,0,10,10,10,10,0,10
140,110,140,110,140,140,170,170,140,110,110,110
10,10,10,10,10,10,10,10,10,30,30,20
0,10,10,0,10,0,0,0,0,0,0,0
40,30,30,30,30,20,30,10,10,10,30,30
10,10,10,10,10,10,10,10,0,0,0,0
20,10,20,20,20,20,20,30,90,20,20,10
20,10,10,10,0,10,10,10,10,20,20,10
70,90,50,50,40,40,50,70,30,50,90,70
10,10,10,10,0,0,10,0,10,30,20,10
10,10,20,50,40,10,10,10,0,0,0,10
260,260,210,210,210,260,260,260,260,480,590,480
210,210,170,210,210,140,170,170,170,260,210,210
0,0,10,10,10,10,20,10,0,10,0,10
170,210,110,110,140,90,210,210,260,210,210,210
140,140,110,110,110,110,170,140,170,140,170,110
880,720,590,880,880,720,880,590,720,880,1000,880
20,20,10,10,10,10,30,20,40,110,170,70
10,0,10,10,10,20,70,70,210,480,480,170
40,10,0,0,0,10,10,10,10,30,50,90
10,30,30,20,20,30,20,30,20,50,20,30
210,170,320,140,210,140,210,170,390,170,210,170
10,10,10,0,10,0,10,10,10,20,30,10
10,10,10,10,10,10,10,10,30,20,10,20
10,10,10,10,10,10,10,10,10,10,10,10
1600,1600,1600,1600,1300,1000,1000,1000,1600,1600,1600,1300
2900,1900,1600,1600,1300,1000,1900,2400,6600,6600,5400,3600
10,10,0,0,10,0,10,10,0,0,0,0
9900,8100,6600,8100,9900,12100,22200,40500,33100,18100,14800,12100
260,260,260,320,320,260,260,210,260,720,320,390
30,30,20,10,10,10,20,10,10,10,20,30
140,170,140,170,110,110,140,110,140,210,210,170
0,10,0,0,10,0,0,0,0,0,0,0
10,10,0,10,0,0,10,10,10,10,30,20
3600,3600,3600,4400,4400,3600,4400,3600,5400,4400,4400,4400
20,20,20,20,20,10,10,30,30,20,20,20
40,50,50,50,50,50,90,170,170,170,40,90
10,30,20,20,30,40,40,30,30,30,20,20
0,10,0,0,0,10,0,0,0,0,0,0
3600,2400,1900,1900,1600,1000,1000,1300,590,320,210,170
260,210,170,210,170,170,170,140,170,320,480,390
50,50,40,30,70,20,50,50,50,50,40,40
10,10,10,10,10,10,10,10,10,10,20,10
210,320,260,260,90,50,50,40,70,70,90,90
30,70,50,70,50,50,70,90,70,110,90,90
880,590,480,720,590,480,720,880,1300,1300,1000,880
10,10,10,10,10,10,10,20,10,10,10,10
823000,823000,673000,823000,673000,550000,673000,673000,823000,673000,673000,550000
8100,6600,8100,6600,6600,5400,5400,6600,8100,9900,12100,9900
10,10,30,10,10,10,20,10,20,10,10,10
10,10,10,20,20,20,10,30,70,30,20,10
30,20,20,20,30,40,30,30,40,50,50,30
10,10,10,10,10,10,30,30,30,20,20,10
70,50,40,50,70,40,50,50,30,50,70,50
10,10,10,10,10,10,10,10,10,20,10,10
10,10,10,10,10,10,10,0,0,0,0,10
70,50,40,40,40,50,40,70,110,90,50,70
140,90,140,110,140,110,170,140,140,170,210,170
30,50,30,40,30,30,40,20,30,30,50,30
10,10,10,10,10,10,10,10,10,10,10,10
20,10,20,20,20,20,30,20,30,20,20,20
12100,8100,8100,8100,8100,8100,9900,8100,9900,9900,9900,9900
70,70,50,50,40,30,40,50,70,50,50,50
10,10,0,10,10,10,10,10,10,10,10,10
0,10,10,0,10,0,10,0,10,10,0,10
1600,1600,1600,1600,1300,1300,1600,1600,1300,1600,1900,2900
20,30,30,20,20,20,30,30,40,20,20,30
30,20,10,10,20,10,10,20,10,10,40,40
10,10,10,10,10,10,10,10,20,20,10,10
1900,1300,1300,1000,1300,1300,1900,4400,8100,8100,4400,2900
30,20,30,30,20,30,20,40,30,40,30,40
10,10,0,10,0,10,0,10,10,10,10,10
140,140,170,170,210,210,320,390,390,390,320,320
260,170,170,140,110,90,140,140,170,170,170,260
210,170,170,170,110,140,140,170,140,170,210,210
10,10,10,10,10,10,30,20,40,10,10,10
110,110,90,90,90,90,140,110,110,110,110,110
10,10,30,10,20,30,30,30,30,20,10,30
320,320,390,320,390,140,140,210,210,260,320,320
8100,5400,4400,4400,3600,3600,5400,6600,14800,14800,12100,9900
590,320,320,480,590,720,1300,2900,2900,1900,1600,1000
49500,49500,49500,60500,49500,49500,49500,49500,60500,60500,60500,60500
20,10,10,10,30,10,10,10,20,30,20,20
20,20,20,10,20,30,30,50,30,20,20,20
22200,22200,33100,74000,60500,201000,33100,22200,27100,27100,22200,40500
10,10,0,10,10,10,10,10,0,0,10,0
20,10,0,10,10,0,0,0,0,10,10,0
10,10,10,10,10,10,10,10,20,10,10,10
10,10,10,10,10,10,10,10,10,10,10,10
10,10,0,10,10,10,10,10,10,10,10,10
10,10,10,10,10,10,10,10,10,10,20,30
40,50,90,70,110,90,110,90,70,110,210,90
90,90,110,70,70,20,50,70,40,50,40,70
10,10,40,50,30,20,0,0,0,10,0,0
10,20,10,30,10,10,10,10,10,0,0,0
40,10,20,20,20,20,20,10,10,40,90,70
30,10,10,10,10,0,10,10,10,10,10,10
10,10,10,10,10,10,10,10,10,10,10,0
110,110,140,110,90,140,260,210,170,140,170,110
10,10,10,10,10,10,10,10,10,10,10,10
260,210,260,390,320,320,590,880,1000,720,390,320
50,40,50,50,20,30,40,40,50,40,70,70
110,70,110,90,90,140,110,1600,110,90,90,90
10,10,10,10,10,10,10,0,10,10,10,0
20,20,10,10,10,10,10,10,10,10,0,0
20,10,30,70,90,70,40,10,10,10,10,10
10,20,10,10,10,20,30,40,10,10,10,20
260,210,170,140,170,210,210,170,170,260,320,210
50,30,40,20,30,20,30,20,30,40,30,20
2900,880,480,720,880,1300,1300,480,170,390,1900,4400
10,0,10,10,10,0,10,10,10,10,10,10
10,0,0,10,10,10,10,0,0,0,0,0
10,10,10,10,10,10,10,10,10,10,10,0
1300,1000,1000,1000,880,720,880,880,880,1600,1300,1000
10,0,10,0,10,10,10,10,10,10,10,10
30,10,20,10,10,10,10,0,10,10,0,10
50,50,70,40,30,20,30,10,10,10,10,20
10,10,10,10,10,10,20,10,10,10,10,0
210,170,480,260,260,210,260,210,390,260,260,170
5400,2900,2400,2400,1600,1300,1900,2400,9900,12100,8100,5400
10,10,10,10,10,10,10,10,10,10,10,10
10,0,0,0,0,0,10,10,0,10,0,0
260,140,210,70,50,30,70,50,50,40,40,110
0,10,0,0,0,0,10,0,10,10,0,0
20,10,20,10,10,20,50,50,30,30,30,30
40,50,40,50,40,40,50,70,50,40,40,30
170,30,10,10,0,0,0,0,10,10,10,0
320,210,210,210,210,210,320,260,260,320,480,390
10,10,0,10,10,10,0,0,10,10,10,0
170,90,90,90,70,90,140,170,320,590,720,390
10,10,10,10,10,10,10,10,10,10,10,10
10,10,10,10,10,10,20,10,10,20,10,10
10,10,10,10,10,10,10,10,0,0,10,10
10,0,0,10,0,0,0,10,0,0,0,10
210,140,140,210,170,320,320,210,390,260,260,260
260,210,260,320,320,260,320,390,320,260,260,210
880,590,720,720,720,720,880,1300,720,590,720,720
20,10,10,10,10,10,10,10,20,10,30,10
70,70,50,70,40,40,40,40,40,50,50,40
1900,1600,1600,1600,1600,1300,1600,1300,1600,1600,2400,1900
1900,1600,1300,1900,1300,1600,1300,1900,1600,1600,1600,1900
140,110,110,110,90,90,170,170,320,170,170,110
30,20,30,30,30,20,70,30,30,30,30,30
0,10,10,10,10,10,10,50,20,10,20,20
3600,3600,4400,4400,3600,4400,4400,8100,2900,2400,2900,2900
27100,9900,6600,8100,9900,12100,22200,27100,90500,165000,165000,110000
50,90,90,90,40,30,90,40,70,50,90,50
10,10,10,10,10,10,10,10,0,0,0,10
10,20,70,40,20,10,10,10,10,0,0,0
110,90,50,40,20,30,20,10,10,10,10,10
110000,135000,135000,110000,110000,165000,246000,4090000,201000,165000,165000,135000
4400,4400,3600,4400,3600,3600,4400,3600,3600,3600,4400,4400
1000,1000,1300,1000,1000,1300,1900,12100,1300,1000,1300,1300
480,260,170,170,90,110,260,170,170,140,320,320
10,0,10,10,0,10,10,10,10,0,0,0
165000,60500,33100,33100,27100,33100,49500,60500,165000,450000,450000,368000
4400,5400,4400,4400,4400,4400,4400,3600,3600,4400,5400,5400
2900,2900,2900,2900,2900,5400,3600,2400,2400,2900,2900,2900
4400,3600,3600,4400,4400,3600,4400,3600,3600,4400,4400,4400
170,170,260,140,110,140,210,390,480,260,170,110
2400,1900,1900,1900,1600,1600,1600,1600,1600,2900,2900,2400
3600,2900,2900,3600,3600,2900,3600,2900,2900,3600,4400,4400
140,140,140,90,90,140,140,260,480,390,320,320
1900,1900,1900,1900,1900,1900,2900,2900,4400,3600,2400,1900
3600,1900,1600,2900,2900,2900,2400,2900,6600,12100,8100,5400
20,10,10,10,10,10,10,10,10,10,20,10
880,880,1000,720,720,880,1600,22200,1300,720,880,1300
2400,1900,1900,2400,2400,1900,2400,2400,1900,1900,2400,2400
2900,2400,2400,2900,2900,2900,2900,2400,2400,2900,2900,2900
50,50,70,50,50,50,110,110,140,90,90,90
2400,1300,1600,2400,2400,1900,2400,1600,1300,1600,2400,2400
170,210,170,210,170,210,170,170,210,210,260,210
10,10,0,0,0,10,10,20,40,30,10,30
10,10,10,0,10,0,0,0,0,0,0,10
10,10,0,10,10,10,20,10,30,30,10,10
260,210,140,320,320,260,480,210,210,480,390,260
30,50,50,70,30,30,70,40,30,40,40,30
10,10,10,10,10,10,10,10,10,10,10,10
10,10,0,10,10,0,10,10,10,10,10,10
10,10,10,20,20,10,40,20,20,10,20,10
50,70,140,140,140,140,170,170,320,140,110,70
1000,1000,1000,1000,1000,1000,1000,880,1000,1000,1300,1300
40,20,30,20,20,20,20,10,20,40,30,20
10,0,10,10,0,10,10,10,10,10,10,0
10,0,0,0,0,0,0,0,0,0,0,0
30,10,20,20,10,20,20,20,20,20,20,20
70,40,40,70,40,30,50,50,50,50,40,50
260,260,320,320,260,260,320,210,170,170,210,260
10,10,10,10,0,10,10,10,10,10,0,10
10,10,10,10,10,0,0,10,10,10,10,10
10,10,10,0,0,10,10,10,10,10,10,0
10,10,0,0,10,10,10,10,0,0,0,0
390,390,320,390,480,480,480,320,390,390,480,480
0,10,10,10,10,10,10,70,10,0,10,10
90,40,30,20,20,10,20,10,10,70,170,110
90,90,90,90,70,70,70,70,90,140,90,110
1600,320,170,480,590,720,590,210,170,170,720,2400
0,0,0,0,0,0,0,10,0,0,0,0
70,40,40,50,40,30,40,20,30,50,40,50
10,10,10,10,10,10,10,20,10,10,10,10
170,140,170,170,210,140,170,140,140,210,210,210
50,30,30,40,90,170,170,140,110,140,40,10
20,20,10,90,30,30,70,70,10,10,10,30
110,30,20,40,50,70,70,50,20,70,140,260
90,140,110,110,110,90,90,140,110,110,90,90
90,50,40,50,40,50,70,40,40,50,40,50
260,210,260,260,260,210,260,260,260,210,260,210
70,40,50,50,50,40,70,50,50,70,70,70
20,10,20,10,10,10,10,30,10,20,20,10
1300,1600,1000,1300,1000,1000,1300,1000,1000,1300,1600,1600
140,90,110,90,140,90,110,90,110,90,90,90
30,30,40,30,40,40,70,70,70,90,70,40
0,30,40,20,10,0,0,0,0,0,10,10
90,90,70,110,70,90,90,90,110,90,50,70
210,110,50,70,50,40,70,70,90,110,140,110
30,10,10,10,10,10,10,10,30,70,40,10
10,30,10,10,0,10,10,0,10,10,30,10
10,10,10,10,10,30,10,20,20,10,10,10
140,140,110,110,110,90,170,210,170,110,140,140
10,10,10,10,10,10,10,10,10,10,10,10
50,70,50,70,50,70,70,70,90,90,70,40
0,0,0,0,0,0,0,0,0,10,10,0
10,10,10,0,10,10,10,10,10,10,10,10
0,0,0,0,10,0,10,0,0,10,10,10
10,10,10,10,10,10,10,4400,10,10,10,10
20,40,30,50,50,70,140,320,170,70,40,30
40,30,50,40,30,30,50,20,40,70,70,90
390,480,390,390,390,880,720,2400,480,320,320,390
0,0,0,10,0,0,0,0,0,10,10,10
10,10,10,10,10,10,10,10,20,10,30,40
390,480,480,390,320,260,390,320,390,260,390,720
0,0,0,0,0,0,0,0,0,0,0,10
0,10,0,0,0,10,0,10,10,10,10,10
1000,880,880,880,720,720,1000,1000,1000,1300,880,880
170,170,170,480,590,590,590,590,480,720,480,320
110,170,140,170,210,390,1900,3600,140,110,110,170
210,260,260,210,170,170,320,480,390,260,260,210
10,10,10,10,10,0,10,10,10,10,10,10
20,20,10,10,20,20,30,20,50,40,30,40
70,30,50,50,30,50,40,50,50,90,70,50
170,210,260,260,210,110,210,210,210,170,140,480
880,880,880,880,720,590,880,880,1000,1000,880,880
170,140,140,170,140,110,210,170,210,210,260,210
10,10,0,0,0,0,0,0,0,10,0,0
40,20,40,20,30,30,20,20,20,20,40,30
10,10,10,0,10,0,10,10,10,20,40,10
10,10,10,10,10,10,10,10,10,10,10,10
90,40,50,30,30,40,50,110,260,170,110,110
170,70,90,170,110,210,260,210,140,140,90,70
50,40,20,40,30,40,50,50,70,70,70,50
10,10,10,10,10,10,10,10,40,40,20,10
1600,1600,1300,1600,1600,1900,1900,1600,1600,1600,1600,1900
30,10,10,10,10,10,10,0,10,30,30,20
30,20,10,10,40,20,20,70,20,30,30,20
10,10,0,10,10,10,10,10,10,10,10,10
20,20,20,20,40,20,20,40,50,30,20,40
10,0,10,10,10,10,10,20,10,10,20,10
390,590,590,720,590,480,480,390,390,390,390,320
90,70,40,90,110,90,110,170,260,40,70,90
0,0,0,0,0,0,10,0,0,0,0,0
10,10,10,10,10,10,10,0,10,0,10,10
70,70,50,70,70,90,90,480,90,70,70,70
10,10,10,10,20,10,20,10,0,10,10,10
10,10,0,10,10,10,10,10,20,10,10,10
30,20,30,30,30,30,50,30,30,20,30,20
390,390,320,390,320,720,720,720,320,320,320,390
10,10,10,10,10,10,10,10,10,10,10,10
0,10,10,10,0,10,10,10,10,10,10,10
10,10,10,10,10,10,10,10,20,20,20,10
260,260,260,260,210,210,260,320,320,170,320,480
10,10,10,10,10,10,10,0,0,10,10,0
10,10,10,10,10,10,10,20,10,20,30,20
10,0,10,10,10,10,10,20,10,10,10,10
10,10,10,10,10,10,10,10,30,20,20,20
320,320,260,210,210,260,390,320,480,390,320,390
90,170,170,140,110,210,260,260,390,480,390,480
210,110,170,140,260,210,260,210,170,170,210,260
10,10,10,20,10,20,40,40,20,10,20,10
30,40,20,20,20,20,20,30,30,30,40,40
260,170,210,320,390,320,390,390,260,170,170,90
10,10,10,10,10,10,10,10,10,0,10,10
720,590,720,720,880,1000,1300,880,880,880,880,1000
10,10,10,10,10,10,10,8100,10,10,10,10
0,10,10,0,10,0,10,10,10,10,10,10
720,590,480,590,590,480,720,590,590,590,720,720
10,10,20,10,20,10,40,30,40,30,50,40
10,10,10,10,10,10,20,10,10,20,30,30
10,10,10,10,10,10,10,10,10,10,10,10
10,10,10,10,10,10,20,10,10,10,10,10
110,140,110,140,140,140,140,90,140,140,140,110
10,10,10,20,20,20,30,20,10,10,30,40
10,10,10,10,10,10,10,10,10,10,10,10
110,110,90,90,70,70,140,140,140,50,110,70
110,70,90,90,110,110,170,210,320,260,390,210
90,70,90,110,110,90,140,110,170,140,90,70
90,50,30,50,70,40,50,50,40,40,50,50
480,480,480,480,480,480,480,390,390,480,480,590
40,20,10,20,10,10,10,10,30,90,90,40
10,10,10,10,0,10,10,10,0,0,10,0
10,10,30,10,10,10,10,10,10,10,10,10
170,170,260,210,210,170,260,210,320,260,260,260
140,170,140,140,110,110,170,260,320,260,210,170
40,20,30,30,30,20,30,20,20,50,20,20
40,30,30,10,20,20,10,30,10,20,10,20
30,20,20,10,10,20,10,70,10,10,20,20
320,720,720,720,480,390,480,320,320,320,320,320
480,480,480,590,480,590,590,480,480,720,590,720
30,10,10,40,10,10,10,10,10,10,30,20
0,0,0,0,0,0,0,0,10,0,0,0
30,20,10,30,20,50,390,1600,40,20,30,40
90,110,210,90,170,70,90,140,320,210,90,90
720,390,320,320,320,260,260,210,170,260,320,110
50,50,50,50,50,70,90,170,210,50,50,50
10,10,10,0,0,0,0,10,0,10,10,10
90,110,110,170,110,140,170,140,210,140,170,140
10,30,50,70,20,10,20,10,20,10,30,20
110,110,110,110,90,90,140,90,90,70,90,90
140,140,140,110,140,110,260,140,90,170,140,170
90,70,40,40,50,50,110,210,390,480,320,140
90,70,10,10,10,10,20,10,30,110,170,110
14800,14800,12100,9900,9900,12100,12100,9900,9900,9900,9900,9900
260,260,260,210,210,210,320,260,260,260,210,260
30,20,20,30,20,40,50,40,50,20,10,10
10,10,10,10,10,10,10,0,10,10,10,0
40,20,10,0,10,10,10,10,10,40,50,30
480,320,260,260,170,140,90,40,20,20,10,10
10,0,10,10,10,0,10,10,10,10,10,10
50,70,70,40,50,20,50,50,50,30,50,50
70,70,110,70,70,90,110,70,50,30,50,50
10,10,10,10,10,10,10,10,10,10,10,0
50,20,40,30,30,30,30,20,30,40,70,70
10,10,10,20,20,10,50,90,90,40,20,20
20,10,10,10,10,10,10,10,10,10,20,10
10,10,10,0,10,0,10,10,10,0,10,0
10,10,10,10,10,10,10,10,10,10,10,10
20,30,20,30,10,10,20,10,10,10,10,20
20,30,20,30,20,20,40,50,30,30,30,20
40,50,30,30,40,30,40,40,30,40,70,70
20,10,20,10,10,10,20,20,20,10,10,10
20,10,10,20,10,30,70,70,50,110,90,70
10,10,10,10,10,10,20,10,10,10,10,10
110,70,70,50,50,50,90,140,260,390,210,170
30,20,20,20,20,20,30,20,30,50,50,30
260,110,480,4400,210,90,90,70,90,90,90,90
10,10,20,10,10,10,10,30,30,20,20,30
140,140,70,140,70,40,70,70,70,90,70,50
20,20,30,30,30,50,40,30,40,70,40,40
10,10,10,10,10,10,10,10,10,10,10,10
390,390,390,320,390,320,390,260,260,390,390,390
10,10,10,10,50,90,320,390,90,50,30,10
0,0,10,10,0,10,0,0,10,0,0,0
10,0,0,0,0,0,10,10,10,10,40,90
40,30,10,40,10,20,170,260,70,110,210,210
50,70,70,90,70,50,140,110,110,90,70,90
10,10,10,10,10,10,10,2900,20,10,10,10
90,70,70,70,40,50,110,90,110,170,210,110
50,20,30,50,40,40,20,20,40,90,90,70
10,10,10,10,10,10,10,10,20,40,50,30
10,20,10,10,10,10,10,10,10,10,10,20
20,10,10,10,20,20,10,10,10,20,50,110
480,390,320,320,320,320,390,320,320,260,320,320
320,260,320,320,390,320,390,260,320,320,390,390
260,210,260,320,260,260,320,320,390,480,390,320
170,70,90,90,210,70,50,50,40,260,390,480
20,20,40,40,20,10,20,30,40,30,10,10
10,0,0,10,0,0,10,10,0,0,0,0
110,30,20,10,10,10,10,30,20,40,10,10
170,140,140,140,140,110,110,140,140,210,170,170
10,10,10,10,10,10,0,0,0,10,0,10
320,260,260,320,260,260,320,170,210,480,480,390
20,10,10,20,10,10,10,10,10,10,10,10
10,10,10,10,10,10,20,10,10,10,10,10
320,320,260,320,320,260,320,320,260,320,390,390
70,70,50,50,40,70,50,390,50,40,70,70
20,10,20,20,20,20,30,30,30,30,30,30
10,10,10,10,10,10,10,10,10,10,10,10
90,70,70,70,110,110,170,170,210,140,260,170
50,70,140,140,110,140,110,590,170,90,70,90
20,10,10,10,20,30,50,20,20,20,20,10
10,0,10,10,10,10,10,10,10,10,20,10
40,40,20,30,20,40,50,50,50,90,50,40
10,20,20,10,20,10,30,20,30,20,30,20
10,20,10,10,20,10,10,10,10,10,10,20
210,390,170,110,90,110,170,260,90,110,110,110
10,10,10,10,10,10,10,10,10,10,20,10
0,0,0,0,0,10,10,0,0,10,10,10
20,20,30,10,10,10,10,10,10,10,10,30
10,0,10,10,10,10,10,10,10,10,10,10
10,10,10,10,10,10,10,10,10,0,10,10
10,10,10,10,10,10,10,10,10,10,10,10
210,90,210,110,110,110,170,3600,390,170,170,210
90,90,50,30,20,40,90,110,170,140,140,140
210,170,170,210,260,210,260,170,210,210,260,260
10,30,50,40,30,50,70,70,90,50,50,90
260,210,260,260,210,210,320,320,210,320,390,480
50,50,90,70,30,20,30,40,70,50,70,140
10,10,10,10,10,10,10,30,10,10,10,10
110,110,90,50,70,70,90,90,50,90,110,140
30,40,40,40,50,40,70,70,50,40,50,30
20,10,20,10,10,10,20,10,10,20,20,10
10,10,10,10,10,10,20,30,10,10,20,30
0,10,10,10,10,10,10,10,10,20,30,30
170,70,110,110,90,110,170,210,260,210,320,210
20,20,30,30,20,20,10,20,10,10,10,10
320,140,210,320,260,260,320,210,170,480,320,320
10,10,10,10,10,0,10,10,10,10,10,10
10,10,10,10,10,10,10,10,10,10,10,0
210,210,210,260,210,170,210,210,260,210,210,260
10,10,10,10,10,10,10,10,10,10,10,10
210,170,170,170,170,170,140,170,140,170,170,170
20,10,10,20,10,10,10,10,10,10,30,40
110,110,90,90,110,70,90,70,70,90,110,140
20,30,20,10,10,30,30,20,20,30,20,10
40,30,30,40,20,20,70,40,70,50,40,40
170,140,110,140,90,70,90,140,110,140,110,110
20,20,20,30,40,30,30,50,40,30,30,10
30,40,40,70,110,140,320,1000,590,140,90,90
10,10,10,0,0,10,10,5400,70,10,10,10
20,20,10,40,30,30,40,70,90,50,50,30
50,50,70,70,110,140,210,720,90,70,70,70
20,10,10,10,10,10,10,10,10,10,10,10
50,40,40,20,50,50,70,110,110,110,90,70
210,210,170,170,170,170,170,140,140,170,210,210
0,0,0,0,0,0,0,0,0,0,0,0
10,10,10,10,10,0,10,10,20,10,10,10
10,10,10,10,10,10,10,10,10,10,10,10
210,210,210,210,210,170,210,210,210,210,210,210
20,10,10,30,20,20,50,70,140,90,110,50
110,140,70,70,50,50,70,70,40,90,90,70
110,90,90,70,70,70,90,110,110,90,90,70
30,30,30,20,30,30,40,40,30,40,50,30
10,10,10,10,10,10,10,10,10,10,10,10
40,10,10,10,10,10,10,20,110,210,210,70
40,20,20,10,20,20,40,50,90,110,70,40
0,0,0,0,0,10,10,0,0,0,0,0
110,90,110,110,110,110,110,70,90,70,110,110
70,110,90,70,90,110,140,880,50,50,90,210
10,10,10,10,10,10,10,10,10,10,10,10
20,20,20,30,40,50,30,30,20,70,70,110
40,20,20,20,30,20,30,40,20,50,50,50
10,10,20,10,10,10,10,10,20,40,40,20
110,260,140,170,110,90,140,90,140,90,140,260
40,40,40,50,20,30,20,20,20,20,20,30
8100,8100,8100,8100,9900,9900,8100,8100,8100,8100,8100,8100
30,20,10,10,10,20,40,30,50,40,40,40
110,90,70,70,90,90,110,90,110,140,170,170
10,0,0,10,10,10,10,10,10,10,10,10
260,260,260,320,260,320,390,320,260,320,390,390
10,10,10,10,10,10,10,20,40,20,20,10
30,40,50,20,20,30,20,20,20,30,50,70
20,20,20,10,30,20,30,20,10,10,20,50
110,70,50,70,70,70,50,110,210,320,170,110
50,50,20,20,20,20,40,50,20,20,110,90
50,50,50,50,40,40,40,40,40,50,50,70
10,10,10,10,10,10,10,10,10,10,10,10
10,10,10,10,10,10,10,10,10,10,10,10
90,50,70,70,50,30,40,50,40,110,140,260
40,10,20,40,30,10,30,40,70,50,40,30
20,20,30,20,40,50,110,210,210,140,70,30
0,10,10,10,10,10,10,10,10,20,20,10
30,30,30,20,40,30,70,260,40,20,30,20
90,70,40,40,20,40,40,70,70,110,140,110
10,10,20,10,10,10,20,10,10,10,10,30
30,30,20,50,50,30,50,30,30,10,70,30
10,0,10,10,0,0,0,10,0,0,0,0
10,0,0,0,0,0,10,10,0,10,20,10
20,50,50,20,10,10,20,30,20,20,10,10
210,110,110,170,210,210,590,480,110,90,140,260
30,20,30,20,20,20,20,20,20,10,10,30
30,30,40,30,40,30,50,70,90,70,40,70
40,30,30,40,40,30,30,40,30,40,50,40
10,20,20,10,20,10,10,10,20,50,50,30
20,20,10,10,30,40,70,50,70,50,70,50
10,10,10,10,10,10,10,10,10,10,10,10
210,70,50,40,90,140,170,140,20,10,90,390
20,20,20,70,70,70,140,260,140,70,20,20
260,210,210,260,260,320,260,260,320,260,260,320
480,390,480,480,390,320,390,390,320,320,320,260
170,110,140,170,140,110,140,140,90,70,70,90
10,10,10,10,10,10,20,30,40,20,10,10
320,260,260,140,110,110,140,110,70,140,140,70
30,30,30,40,20,30,50,320,50,20,10,10
30,30,40,70,90,90,90,50,70,50,50,40
10,10,10,10,0,10,10,0,10,0,0,10
2900,4400,2900,2900,2900,2400,3600,9900,3600,1900,1900,3600
30,20,10,30,20,20,20,20,30,10,20,20
110,70,110,110,70,90,140,480,140,90,140,140
70,50,30,30,30,10,30,10,30,10,40,30
9900,9900,9900,9900,9900,9900,12100,9900,9900,12100,12100,12100
10,10,10,10,10,10,30,10,10,30,10,40
210,210,260,260,260,170,260,210,170,170,260,210
110,70,50,30,30,40,20,20,20,30,70,110
20,40,50,20,10,10,20,10,10,20,30,40
30,20,20,30,10,20,20,30,70,50,20,20
30,30,20,30,50,20,40,30,30,40,40,30
50,70,40,40,40,40,40,50,90,50,70,70
10,10,10,10,10,10,0,10,10,10,10,10
50,20,30,10,10,10,10,20,30,70,110,90
90,90,90,110,70,70,110,90,90,110,90,70
10,10,10,10,10,20,30,30,10,10,10,20
40,50,40,40,40,40,30,40,50,50,30,40
20,10,10,10,10,10,10,10,10,10,10,10
70,40,30,30,30,30,50,40,50,50,40,20
10,10,10,10,10,10,10,10,10,10,20,10
140,110,90,110,140,110,140,90,110,140,140,170
50,40,70,50,50,50,70,50,50,50,40,50
10,10,10,10,10,10,10,10,10,10,0,10
170,170,210,170,140,140,110,110,90,140,140,170
140,50,30,90,70,50,70,70,260,390,320,170
30,10,10,10,10,10,20,30,10,10,20,40
90,90,90,90,40,50,90,70,50,70,70,50
170,110,70,50,140,90,110,720,70,70,70,90
20,20,10,10,10,10,20,10,10,10,20,20
90,70,50,70,50,70,70,90,140,170,210,110
70,320,320,140,90,50,50,70,30,20,30,50
40,20,170,50,40,40,90,480,40,20,40,50
110,30,40,20,50,70,70,50,10,1900,1900,70
70,90,70,50,50,70,70,50,70,70,70,70
70,110,110,70,70,70,110,110,110,70,110,110
10,10,10,10,10,10,10,10,10,10,10,10
10,10,10,10,10,10,10,10,20,10,20,10
20,10,10,10,20,20,20,20,40,40,30,20
10,10,10,10,10,10,10,10,10,10,20,10
10,10,10,10,10,10,10,10,10,10,0,10
90,110,50,50,70,70,110,70,50,70,70,140
40,30,10,30,20,10,20,20,20,10,20,20
70,40,30,40,40,70,90,170,210,320,480,260
10,0,0,10,10,10,10,0,10,10,10,30
10,10,10,10,10,10,10,10,10,10,10,10
30,30,20,20,20,20,30,20,30,10,20,40
20,50,40,30,20,30,40,20,30,20,30,10
10,10,70,20,10,10,20,320,20,10,10,10
10,10,20,10,10,10,10,10,10,30,20,20
10,10,20,20,10,10,20,10,10,10,20,10
40,30,30,10,20,20,10,10,10,30,20,20
40,70,70,210,70,90,70,70,90,70,90,110
90,210,40,210,10,10,10,10,10,10,10,70
10,10,10,10,10,10,10,10,10,10,10,0
10,0,10,0,0,0,10,10,10,10,10,10
10,10,10,10,10,10,10,10,10,10,10,10
90,40,110,170,170,140,170,50,20,20,30,90
10,10,0,10,10,0,10,10,10,10,10,10
10,20,20,10,10,10,10,10,20,20,40,20
20,20,10,20,20,20,20,20,30,30,40,30
40,30,10,20,40,20,50,90,110,50,40,50
10,10,10,10,10,0,10,10,10,10,10,10
10,10,10,10,10,10,10,10,10,10,10,10
320,90,30,20,30,40,50,30,10,10,10,70
10,10,10,10,20,10,10,10,10,10,10,10
10,10,10,10,10,10,10,10,10,10,10,10
40,90,70,70,30,50,40,70,50,30,70,50
10,10,10,20,10,10,10,10,10,10,10,10
50,70,70,70,50,70,110,590,110,70,70,90
10,10,10,10,10,10,10,10,10,10,10,10
10,0,0,10,10,10,10,10,10,10,10,0
0,0,10,10,0,10,10,10,10,0,10,10
10,10,10,10,10,10,10,10,10,10,0,30
10,10,10,10,10,10,10,0,10,20,10,10
10,10,10,10,10,10,10,10,10,10,10,10
110,70,50,50,50,40,50,70,210,170,140,110
10,20,20,10,10,10,10,10,10,20,20,20
10,10,10,10,10,10,40,70,140,90,210,140
10,0,0,10,10,10,10,10,10,10,10,10
40,40,30,40,30,30,30,30,20,20,40,30
10,10,10,10,10,0,10,10,10,20,10,10
30,50,70,40,50,20,50,20,70,40,30,30
10,10,30,10,10,10,10,10,10,10,10,10
10,10,10,10,20,10,10,10,10,10,10,10
10,10,0,10,10,10,10,10,0,10,10,10
50,50,50,40,40,50,50,50,40,40,20,20
20,20,20,20,20,20,20,20,10,10,30,20
20,10,10,0,10,10,10,10,10,10,10,10
10,10,20,10,10,10,10,20,20,20,30,10
70,30,50,50,20,30,30,10,40,20,50,30
10,10,0,0,0,0,10,0,10,10,10,10
30,30,20,20,40,50,30,30,40,40,70,30
20,10,10,20,20,10,20,30,20,20,20,20
90,70,90,50,50,40,40,40,40,30,110,170
40,40,40,70,50,50,70,70,110,50,50,50
20,20,20,10,10,10,10,10,30,10,10,10
20,10,10,10,20,10,20,20,70,90,70,40
10,20,10,20,20,20,20,10,20,20,10,10
50,50,40,50,30,50,50,140,40,20,40,40
50,20,30,20,20,30,50,720,70,30,30,30
10,10,10,10,20,10,10,30,70,110,70,20
20,20,20,30,20,30,50,30,50,30,50,50
40,50,20,40,40,20,30,90,30,30,30,30
10,10,10,10,20,10,10,10,10,20,30,10
10,10,10,10,10,10,10,10,10,10,10,10
140,90,70,70,90,70,90,70,90,140,170,90
50,40,30,20,10,10,10,10,20,20,30,40
40,20,10,20,10,20,20,20,50,90,90,50
50,30,20,40,20,20,30,20,30,30,70,40
10,10,10,10,10,10,10,10,10,10,0,0
20,20,10,10,10,10,10,10,10,10,10,10
50,10,10,10,10,10,30,50,70,50,40,40
20,10,50,10,30,10,30,20,20,20,30,30
10,10,10,10,10,10,10,10,10,10,10,10
50,40,40,40,30,20,50,40,50,30,40,20
10,10,10,10,20,20,20,40,70,70,40,20
20,10,10,10,20,20,30,40,10,20,30,70
30,40,30,30,20,10,40,30,40,20,30,30
40,30,20,20,20,20,30,30,90,140,90,50
90,40,20,20,20,30,90,70,110,260,320,260
30,20,10,10,20,10,20,50,90,110,50,40
30,40,30,30,30,40,30,90,90,70,40,50
10,10,0,10,10,10,0,10,10,10,10,10
70,30,40,40,40,30,50,70,40,50,30,40
10,10,10,10,10,10,10,10,10,0,10,10
30,30,30,20,10,10,20,30,40,30,40,40
10,0,0,0,10,0,0,10,10,0,10,10
10,10,10,10,10,10,20,10,20,10,10,10
40,50,70,90,70,50,70,40,90,50,70,70
0,10,0,0,0,10,0,10,10,0,0,0
20,30,30,30,10,10,50,70,90,20,30,20
20,20,30,20,40,20,20,30,30,20,40,20
50,50,70,50,50,50,50,1000,40,50,50,50
10,10,0,10,0,10,10,10,10,10,10,10
0,10,0,0,10,10,10,10,10,10,10,10
10,10,10,10,10,10,10,10,10,10,10,40
30,10,10,20,10,10,10,40,140,210,70,20
50,50,40,40,50,40,50,70,50,70,40,70
10,10,10,30,10,10,10,10,10,10,10,20
20,30,30,30,10,20,40,10,20,20,40,30
10,10,10,10,10,20,40,70,110,390,90,70
70,70,110,70,50,50,70,70,70,70,70,50
50,70,40,40,30,30,30,30,30,30,30,70
90,90,90,70,90,110,140,260,50,50,50,70
6600,8100,6600,5400,6600,8100,8100,8100,6600,8100,8100,8100
20,20,10,20,10,20,20,20,30,20,20,10
10,10,10,40,10,10,10,10,10,10,10,10
10,10,10,10,10,0,10,0,10,10,20,30
10,10,10,0,10,10,10,10,10,10,10,10
30,10,10,0,10,10,10,10,10,20,90,50
30,50,30,20,20,10,30,40,20,20,30,30
10,10,10,20,20,10,10,20,70,140,50,40
0,10,10,10,10,10,10,10,10,10,10,20
30,10,10,20,10,10,20,10,10,10,10,20
10,10,10,10,10,10,20,140,10,10,10,10
10,10,10,10,10,10,20,10,10,10,10,10
0,10,10,10,10,0,0,0,0,0,0,0
20,10,10,10,10,20,20,20,10,10,10,10
10,10,10,10,30,10,20,10,10,10,10,10
90,140,140,480,260,170,170,140,110,90,170,140
10,10,10,10,10,10,10,10,10,10,10,10
10,10,10,10,10,20,10,10,10,30,20,10
20,50,20,20,10,20,20,30,20,20,20,20
30,50,10,20,0,0,0,0,10,10,0,30
20,10,10,10,10,40,20,10,70,110,90,40
50,50,40,70,70,50,90,110,140,40,70,110
40,40,40,40,40,50,260,210,90,90,90,50
10,10,10,10,10,10,20,10,10,10,10,10
20,10,10,10,10,10,10,10,20,20,40,20
0,0,10,0,0,0,10,0,10,10,10,0
20,10,10,10,10,10,20,30,50,30,20,20
10,70,20,20,10,10,10,20,20,50,50,50
70,50,70,70,50,70,50,50,30,40,90,40
0,0,0,0,0,0,0,0,0,0,10,10
10,10,10,10,0,10,10,10,10,10,10,10
10,10,10,10,10,10,10,10,10,10,10,20
50,40,90,110,70,70,70,70,50,70,70,40
30,50,50,50,50,140,50,90,30,50,50,40
10,10,20,10,10,10,10,10,20,30,70,50
10,10,10,10,10,10,10,20,50,70,30,20
10,10,10,10,10,10,10,10,10,10,10,10
10,10,10,20,10,10,30,20,10,10,10,20
10,10,20,10,10,10,20,10,20,10,10,10
70,30,20,40,40,40,40,20,30,70,50,40
10,20,30,20,20,10,20,50,50,40,30,20
10,0,0,20,0,0,0,0,10,0,10,0
30,40,30,40,40,40,50,30,30,30,30,30
10,10,10,10,10,10,10,10,10,10,10,10
10,10,10,10,10,10,10,10,10,10,10,10
10,10,10,10,10,10,10,90,20,10,30,10
10,10,10,10,10,10,10,10,10,10,10,0
70,50,40,30,40,40,30,50,110,90,90,110
10,30,70,70,140,110,140,170,50,30,40,30
10,10,10,10,10,10,10,10,10,10,10,10
20,30,20,30,20,30,40,30,30,30,40,30
20,20,20,20,10,10,10,10,20,20,20,20
10,10,10,10,10,10,10,10,20,30,10,20
10,10,10,10,10,10,10,10,20,20,30,20
10,10,20,10,10,10,10,10,10,10,10,20
20,10,20,10,20,10,20,10,20,30,20,20
30,20,10,20,20,20,20,20,10,10,20,20
30,20,20,40,40,20,50,40,40,30,40,20
70,40,20,10,10,10,10,10,10,10,10,10
50,70,70,90,40,50,70,50,30,40,50,30
10,10,10,10,10,30,10,10,0,10,10,10
10,10,0,0,10,0,0,10,10,10,10,10
10,10,30,10,10,20,10,10,40,20,20,10
10,10,20,10,10,10,10,30,140,170,90,40
10,10,10,0,10,10,10,10,10,0,10,10
40,30,20,50,40,30,30,20,50,30,40,40
10,10,10,10,30,20,20,10,10,10,10,10
30,40,30,40,30,30,50,40,30,40,40,40
10,0,10,10,10,10,10,10,10,10,10,10
20,20,10,20,10,30,20,20,50,30,70,30
10,10,10,30,20,10,20,20,20,20,10,10
10,10,0,10,10,10,10,10,10,10,10,10
10,10,10,10,10,0,0,10,10,10,10,10
0,0,10,0,0,0,0,0,0,0,0,0
40,10,10,20,20,10,10,10,10,10,10,10
10,10,10,10,10,10,10,10,20,20,20,10
20,10,20,20,10,10,10,30,20,30,20,10
10,10,10,10,10,10,10,10,20,10,10,10
10,10,10,10,10,10,10,10,20,10,10,30
10,10,10,10,10,10,10,40,10,10,10,10
30,30,30,30,40,30,30,50,30,40,30,30
10,10,10,20,10,10,10,20,90,40,30,30
50,20,20,40,40,50,70,90,70,70,140,140
70,30,30,70,40,30,40,50,40,30,70,50
30,20,20,50,30,20,30,20,40,40,50,50
30,10,10,10,10,10,10,10,10,10,10,10
10,0,10,10,10,30,10,0,0,10,10,10
0,10,10,10,0,0,0,0,10,0,10,10
10,20,20,10,10,10,10,20,30,20,20,20
10,10,20,20,20,10,10,10,20,10,20,10
50,10,10,10,20,20,20,20,110,50,10,10
10,10,20,10,10,20,20,10,10,20,10,10
10,10,10,20,20,30,20,20,20,30,20,20
10,0,0,0,10,0,0,10,10,10,10,0
20,20,20,10,10,20,20,10,20,20,20,10
20,10,10,10,10,10,10,10,10,30,30,20
20,20,10,10,10,20,30,10,10,20,20,30
30,20,10,10,10,10,20,10,10,10,20,20
10,10,10,10,10,10,10,20,10,10,10,0
10,10,10,10,10,10,20,40,70,20,10,10
10,40,20,20,20,20,30,50,20,10,10,10
10,10,10,20,20,40,40,50,50,20,10,10
10,0,10,10,10,10,10,10,10,20,20,20
10,10,10,10,10,10,10,10,10,10,10,10
10,10,10,10,10,20,30,20,10,10,10,10
30,50,110,140,50,70,90,70,20,10,10,10
70,20,20,10,10,10,10,0,10,0,10,10
10,10,20,10,10,10,20,10,10,10,10,10
10,10,10,10,10,10,10,10,30,10,10,10
10,10,10,10,10,10,10,30,30,70,50,20
10,10,0,10,10,10,10,10,40,30,20,10
40,30,10,20,30,30,50,70,90,110,90,90
10,10,10,10,10,20,50,110,90,40,10,10
10,0,10,10,10,10,10,10,20,10,20,10
20,10,20,10,10,20,20,20,20,20,30,30
10,10,50,10,10,70,20,590,90,10,10,10
10,10,10,10,10,10,20,10,10,10,10,10
10,10,10,10,10,10,10,20,30,20,20,20
30,10,30,30,20,30,20,20,40,30,30,40
20,10,10,0,10,0,10,10,10,10,10,10
10,10,10,10,10,10,10,10,30,20,70,30
30,10,20,10,10,10,20,10,70,50,20,10
30,10,10,10,10,10,10,10,10,10,50,50
30,40,10,20,30,10,20,20,30,20,30,40
10,10,10,10,10,10,0,10,20,10,10,10
20,30,20,30,10,10,20,20,20,10,10,10
10,10,10,0,10,0,10,10,0,0,10,10
10,10,10,10,10,10,10,30,10,10,10,10
70,10,10,0,0,10,0,10,10,10,10,10
30,40,30,30,20,20,10,20,20,10,20,20
10,40,10,0,0,10,10,0,10,10,0,10
74000,90500,74000,90500,74000,110000,110000,246000,110000,74000,90500,90500
10,10,10,10,10,10,10,10,10,10,10,10
10,0,0,0,0,0,10,0,0,10,10,10
0,10,10,10,10,0,0,0,0,0,0,0
40,40,30,40,50,50,50,40,30,30,40,50
20,10,10,20,20,10,20,30,20,20,20,10
10,10,10,10,10,10,20,20,10,10,10,0
10,10,20,20,10,10,10,10,10,10,10,10
10,10,10,0,0,10,10,10,10,0,10,10
10,10,90,20,10,20,20,210,20,10,10,10
20,10,10,10,10,10,10,10,10,10,10,10
10,10,10,10,10,10,10,20,0,10,10,10
10,10,20,10,10,10,10,170,20,10,10,10
20,10,20,10,10,10,10,10,10,10,30,40
20,10,10,20,10,10,30,20,20,10,20,20
10,10,0,10,10,10,10,10,20,30,10,20
10,10,10,10,10,10,10,10,10,10,10,10
10,0,10,10,10,20,20,10,10,10,10,10
10,10,10,10,10,10,10,10,10,10,10,10
0,0,0,0,0,0,0,0,0,10,0,0
10,10,20,10,20,10,10,10,20,20,20,30
10,10,10,10,10,10,10,10,10,10,10,10
10,10,10,10,10,20,30,10,10,10,20,10
10,0,10,10,10,10,10,10,10,10,10,10
20,20,20,20,30,20,20,20,30,30,20,10
10,20,10,20,40,50,70,30,20,30,30,40
10,10,10,10,10,0,0,10,10,10,10,10
0,0,10,0,0,0,0,10,10,10,10,10
20,20,10,10,20,10,20,20,20,20,20,30
0,10,0,10,10,10,10,10,10,10,10,10
10,10,10,10,10,0,10,10,10,10,10,10
10,10,10,10,10,10,10,30,10,10,10,10
20,20,20,20,20,10,20,10,10,10,10,20
20,30,30,20,40,30,40,390,70,40,50,40
10,10,10,10,10,10,10,10,10,10,10,10
10,20,20,10,10,10,10,10,10,20,10,10
20,10,10,10,10,10,20,10,10,10,10,10
10,10,30,30,20,20,20,20,10,10,20,10
10,0,10,10,10,0,10,10,10,10,0,10
10,0,0,0,0,0,0,0,0,0,0,0
10,10,0,10,10,0,0,10,10,10,10,0
10,10,10,10,10,10,10,10,10,10,10,10
10,20,20,10,10,10,20,10,10,10,10,10
10,10,0,0,10,10,10,10,10,10,10,10
10,10,10,10,10,10,10,10,10,10,10,10
20,20,10,30,40,20,50,140,70,40,40,40
20,10,10,10,10,10,10,20,10,10,10,10
10,10,10,0,0,10,10,10,10,30,10,10
10,10,10,10,10,10,10,10,10,0,10,10
10,10,10,10,10,10,10,10,10,10,20,20
10,10,0,10,10,10,10,10,10,10,10,10
10,0,10,10,0,10,10,30,20,20,10,10
10,10,10,10,10,10,10,10,10,10,10,10
10,10,10,10,10,20,10,10,10,10,10,10
0,0,10,10,0,10,10,10,10,10,10,10
0,10,10,0,0,0,0,0,0,10,10,0
10,10,10,10,0,0,10,10,10,10,10,10
10,10,10,10,10,10,10,10,10,10,10,10
10,10,10,10,10,10,10,20,10,10,10,10
0,0,0,0,0,0,0,10,0,0,10,10
10,10,10,0,0,10,10,10,0,0,10,10
0,10,10,10,10,0,10,0,0,10,0,10
0,10,10,0,0,0,0,0,0,0,0,0
10,10,10,10,10,10,10,10,0,10,10,10
10,10,10,10,10,10,10,10,10,10,10,10
0,0,10,10,0,0,10,10,10,0,10,0
10,10,0,0,0,0,0,0,10,0,10,10
0,0,10,10,10,10,0,10,10,0,0,10
0,10,0,0,0,0,0,10,0,0,0,0
