Keyword,Jul-17,Aug-17,Sep-17,Oct-17,Nov-17,Dec-17,Jan-18,Feb-18,Mar-18,Apr-18,May-18,Jun-18
インターン,40500,33100,27100,22200,22200,22200,27100,27100,27100,33100,40500,40500
2020,5400,4400,5400,5400,5400,5400,6600,8100,6600,6600,6600,8100
就活,49500,33100,33100,33100,33100,33100,40500,60500,90500,60500,60500,60500
インターンシップ,74000,74000,60500,40500,40500,40500,49500,49500,33100,60500,74000,74000
就活 スーツ,5400,4400,4400,5400,6600,8100,14800,18100,18100,6600,6600,6600
インターンシップ 募集,2900,1600,1300,1300,1000,1000,1300,1300,2900,6600,9900,8100
就活 面接,6600,4400,3600,3600,3600,2900,4400,8100,14800,18100,9900,6600
小学生 英語,18100,18100,14800,18100,14800,14800,18100,14800,14800,18100,18100,18100
2017 就活,320,210,140,90,90,70,30,20,30,20,10,10
就活 イベント,1000,1000,1300,1600,1600,1600,2400,4400,2900,1600,1900,1600
理系 就職,3600,1900,1000,2900,2900,2400,2400,1900,2900,3600,2900,2900
面接,33100,33100,40500,40500,40500,27100,40500,40500,40500,40500,33100,33100
大学生 インターン,590,720,590,480,480,390,480,590,590,880,720,880
就活 情報,260,210,210,210,260,260,480,480,590,590,590,390
就活 2018,2400,1600,1300,1000,880,720,1300,1300,1000,590,590,880
小学校 英語,14800,14800,14800,14800,14800,12100,18100,14800,18100,22200,18100,18100
就職 面接,3600,3600,5400,2900,2900,1900,2900,2900,3600,3600,2900,2900
就活 スケジュール,1000,1000,1300,1900,1900,1900,3600,5400,4400,3600,2400,1900
インターン 情報,320,210,210,210,260,210,210,210,320,720,1000,390
就活 エントリー,140,140,170,260,140,170,390,2900,1900,480,390,320
インターン サイト,480,320,390,390,320,320,320,320,480,880,1000,720
就活 流れ,590,480,720,880,880,1000,2400,5400,2900,1600,1000,880
新卒 就職,390,390,390,390,480,320,480,480,590,480,480,480
就活 面接 マナー,1900,1000,880,880,1000,1300,2400,3600,8100,9900,3600,1900
インターンシップ 大学生,880,1300,880,720,590,720,880,880,1300,1900,2400,1600
就活 メイク,6600,5400,4400,5400,6600,8100,14800,22200,18100,8100,6600,8100
新卒 求人,1300,1000,1300,1300,1000,880,1000,1300,1300,1300,1300,1600
就活 内定,720,480,480,390,260,210,320,480,1000,1600,2400,2400
夏 インターン,1300,480,70,50,50,90,170,170,480,1600,2400,1600
英語 小学生,1900,1900,2400,2400,2900,2900,2900,2900,2900,2900,2400,2400
就活 2016,10,10,10,10,10,10,10,10,20,10,10,10
インターン 2018,90,70,90,140,140,210,390,210,390,1300,1600,720
2018 就活,480,320,390,320,320,260,480,590,590,390,390,390
新卒 就活,390,320,320,260,260,170,260,390,480,390,390,390
就活 インターン,590,480,390,390,480,880,1000,720,480,720,720,880
就活 解禁,480,480,720,880,1000,1300,1900,9900,5400,1900,2400,1600
インターン 学生,170,260,170,140,170,110,170,170,170,170,210,210
インターン 有給,590,590,590,480,390,390,390,320,480,720,720,720
インターン 長期,590,590,590,480,390,480,590,590,590,880,720,880
学生 インターン 募集,40,20,20,30,40,40,50,30,40,70,70,50
インターン 2016,70,40,30,10,20,10,30,20,10,10,10,10
理系 就活,390,320,390,390,390,320,590,880,880,590,590,480
インターン 採用,590,590,480,480,390,480,480,480,390,480,590,590
春休み インターン,70,70,170,320,480,720,1000,390,90,20,30,70
五輪,5400,6600,6600,6600,5400,8100,9900,165000,8100,4400,4400,4400
インターン 夏,880,480,70,40,30,90,170,170,390,1000,1600,1000
面接 就活,880,480,480,390,590,480,590,1000,2400,2900,1300,720
夏休み インターン,880,210,40,20,20,30,70,90,320,880,880,880
就活 服装,880,720,590,590,720,720,1000,1600,1900,880,880,880
就職 新卒,170,170,170,140,90,90,170,140,140,140,110,110
インターンシップ 募集 企業,70,70,70,50,50,40,70,50,110,170,320,140
インターンシップ 関西,320,210,170,170,210,140,260,140,170,390,480,390
インターン 申し込み,720,260,170,210,260,260,320,260,480,1300,1900,1300
大学 インターンシップ,480,480,390,320,320,260,320,320,390,590,720,590
インターン 冬,480,480,590,880,720,480,320,110,30,90,140,320
2018 インターン,50,40,40,50,70,50,140,110,170,480,590,260
インターン 2016 夏,0,10,10,10,0,0,0,0,0,0,0,0
インターン 短期,320,210,170,170,170,170,210,170,260,390,590,320
大学院 就活,210,170,170,210,170,170,260,390,390,390,320,260
インターンシップ 企業,390,390,210,210,170,210,210,170,210,390,720,390
インターン 夏休み,320,90,20,20,10,30,50,90,260,720,590,480
企業 インターン,320,320,260,260,260,210,320,320,260,590,590,480
就活 新卒,170,110,140,140,140,70,110,140,170,170,170,170
就活 対策,210,260,320,210,260,170,320,390,320,260,210,210
就活 カバン,2900,2400,1900,1900,2400,2400,4400,8100,8100,2900,2400,2900
インターン 応募,320,170,140,140,140,140,170,170,260,590,880,590
インターンシップ イベント,320,140,140,260,210,210,210,90,90,210,880,880
新卒 就職 サイト,70,70,70,70,70,50,70,90,140,90,90,110
就職 求人,480,390,390,390,320,320,390,390,390,480,390,320
就活 アドバイス,170,170,170,210,210,260,320,390,590,260,260,210
インターンシップ 期間,720,720,590,390,390,390,390,480,590,880,1000,880
就活 es,210,170,140,210,260,320,390,880,1300,720,320,320
インターン 募集 2016,0,0,0,0,0,0,0,0,0,0,0,0
2016 夏 インターン,0,0,0,0,0,0,10,0,10,0,0,0
就活 解禁 2018,70,50,70,90,90,90,390,1000,590,210,390,260
インターン 人気,720,320,260,260,210,210,170,110,110,260,590,880
2016 インターン,10,10,0,0,0,0,0,0,0,0,10,10
春 インターン,50,70,110,170,320,390,390,260,210,110,50,50
院生 就活,210,140,170,170,110,110,170,260,320,320,260,260
就活 面接 練習,210,110,140,140,170,210,480,720,880,720,390,210
就活 日程,170,170,170,260,260,260,590,720,480,480,320,210
インターンシップ 募集 短期,110,110,70,40,30,30,40,40,90,210,210,140
インターンシップ 大学,390,320,260,170,170,110,210,320,320,480,390,390
就活 靴,1900,1600,1300,1300,1900,1900,3600,6600,6600,2400,1900,1900
就活 スケジュール 2018,110,90,110,140,140,210,320,390,210,140,210,210
エントリー 就活,20,20,20,30,30,30,50,480,260,70,40,40
転職,246000,246000,246000,246000,246000,201000,246000,246000,246000,246000,246000,246000
学生 インターン,390,390,390,320,320,320,320,390,390,480,590,480
大学 就活,260,210,210,210,170,140,260,320,390,390,390,260
インターン 2017,480,170,140,90,70,50,20,10,10,20,50,10
求人,135000,110000,135000,110000,110000,90500,135000,110000,135000,135000,135000,110000
転職 求人,1900,1900,1600,1900,1600,1600,1900,1600,1900,1900,1900,1900
面接 就職,320,320,480,260,260,210,260,390,720,720,390,390
インターン 春休み,70,90,110,210,210,320,480,210,90,30,30,40
インターン 検索,170,110,110,90,90,140,140,90,170,260,260,170
仕事 求人,2400,1600,1600,1600,1300,1300,1600,1600,1600,1900,2900,2400
就活 求人,90,50,40,30,30,20,50,50,70,90,90,70
就職 面接 対策,70,70,90,70,70,70,70,110,110,110,90,70
仕事 転職,1600,1600,1300,1300,1300,1000,1600,1300,1600,1600,1900,1600
小学生 英語 教材,720,590,720,590,880,1000,1300,1000,1000,1000,880,720
アルバイト,135000,135000,135000,135000,110000,110000,135000,110000,135000,135000,135000,135000
英語 小学校,880,720,720,720,720,720,880,880,880,1000,1000,880
インターン ランキング,390,260,210,210,170,210,210,110,110,170,390,720
インターン 募集 2017,210,70,30,20,20,10,10,10,10,10,10,10
インターン 就活,260,170,140,110,110,140,170,140,140,170,260,260
バイト,246000,246000,246000,246000,201000,201000,201000,201000,246000,301000,246000,246000
派遣,49500,49500,49500,49500,49500,40500,49500,49500,60500,49500,49500,49500
インターンシップ エントリー,590,260,170,210,210,320,390,260,90,210,880,1900
インターン 就職,480,390,260,260,210,210,260,210,170,260,320,390
就活 スタート,90,90,140,170,140,170,320,480,320,170,140,110
正社員,14800,14800,14800,14800,12100,12100,18100,14800,14800,14800,18100,18100
就職 面接 マナー,480,390,720,260,390,390,260,170,590,880,480,590
就活 スケジュール 2017,20,10,20,20,10,10,10,20,10,10,10,10
フリーター 就職,2900,3600,4400,3600,3600,2900,3600,3600,5400,4400,4400,4400
新卒 転職,1900,1900,1900,1900,1300,1300,1300,1000,1300,2400,2400,2400
就職 2018,140,110,70,90,70,70,90,110,110,50,50,50
インターン 求人,170,140,140,110,110,70,90,90,110,140,140,110
就職,33100,33100,33100,33100,27100,33100,40500,33100,40500,40500,33100,33100
セミナー 就活,40,30,50,50,70,70,90,140,170,50,40,30
夏休み インターンシップ 募集,70,20,10,10,10,10,20,10,30,50,110,90
ニート 就職,3600,1900,2400,3600,2400,2900,3600,3600,5400,4400,3600,3600
インターンシップ 春休み 2017,10,10,10,10,0,0,0,0,0,0,0,10
就職 採用,110,70,90,70,70,50,70,70,90,70,70,70
仕事,90500,90500,90500,90500,74000,74000,90500,74000,74000,90500,90500,90500
転職 成功,2400,2400,2400,2400,1900,1900,2400,2400,2400,2400,2400,2400
インターン 会社,50,50,70,70,50,50,50,70,40,110,90,90
求人 新卒,210,210,210,210,170,140,110,210,140,170,260,320
高卒 就職,14800,12100,14800,12100,9900,9900,14800,14800,14800,12100,12100,12100
就職 インターン,140,110,110,90,70,90,110,110,90,140,170,170
インターンシップ プログラム,260,320,170,210,170,140,210,170,140,210,260,260
インターン 春,40,50,70,70,110,140,210,110,90,50,30,40
就活 カレンダー,90,90,110,140,170,210,260,320,320,320,320,390
就活 大学,170,140,170,140,140,140,210,260,390,320,170,170
大学生 就活,390,390,390,390,390,320,480,590,590,590,590,480
リタリコ インターン,390,210,140,140,110,110,140,70,70,140,260,320
就活 面接 講座,20,20,10,30,10,20,50,70,70,40,30,20
インターンシップ セミナー,110,110,70,90,70,70,70,70,50,140,480,260
日経 転職,1300,1300,1300,1300,1000,1000,1000,1000,1000,1000,1000,880
会社 インターン,50,40,30,30,30,20,40,30,30,50,40,40
就活 登録,20,20,20,40,20,20,40,90,50,70,70,30
就活 解禁 2016,10,10,10,10,10,10,10,30,30,10,20,10
就活 仕方,50,70,50,70,90,70,140,260,170,110,110,90
大学生 夏休み インターン,170,90,10,10,0,10,10,10,20,40,50,70
就活 写真,3600,1900,1900,2900,4400,5400,12100,27100,27100,8100,5400,8100
資格 就職,1600,2400,2400,2400,2400,1900,2400,1900,2400,2900,2400,1600
学生 就活,50,50,50,50,50,40,70,70,70,70,50,70
2017 インターンシップ,170,50,40,30,20,10,10,10,0,10,20,10
就職 解禁,170,110,140,140,170,170,260,720,480,210,390,260
2018 就活 スケジュール,50,40,50,70,110,140,260,320,260,110,70,30
インターン 締め切り,720,260,210,320,390,480,480,170,70,170,720,1300
インターン 受付,140,480,260,70,140,210,390,880,70,90,140,90
就活 募集,50,40,30,20,20,20,30,40,30,30,40,70
リクルート,90500,90500,90500,90500,90500,90500,110000,110000,135000,110000,110000,110000
小学 英語,260,260,320,390,320,320,480,480,390,390,320,320
2020 オリンピック,1900,2400,1900,1900,2400,2900,3600,14800,2400,2400,2400,4400
就活 開始,50,50,90,110,90,110,170,260,140,110,70,70
転職 面接,14800,14800,14800,14800,12100,12100,14800,14800,14800,14800,14800,14800
就活 2017 解禁,20,20,10,10,10,10,10,10,10,10,0,10
小学校 英語 教材,170,140,170,210,210,170,260,210,210,260,260,260
インターンシップ 2016 夏 募集,10,0,0,0,0,0,0,0,0,0,0,0
就職 資格,2400,2400,2400,2400,1900,1900,2400,2900,2900,3600,2900,2400
カレンダー 2020,880,1000,1000,1300,1300,1900,1900,1900,1900,2900,2900,3600
リクルート 採用,2400,1900,1900,1900,1900,1900,4400,5400,9900,8100,8100,8100
就活 採用,40,50,20,30,30,40,30,50,50,70,90,70
2018 就職,110,90,90,90,90,110,140,140,170,170,110,90
就活 2018 解禁,10,10,20,10,10,40,40,50,30,20,20,20
女性 就職,480,390,480,480,390,390,590,480,480,480,480,390
エントリー 就職,20,20,20,20,20,40,30,260,170,40,40,30
就活 2018 スケジュール,40,40,40,70,90,70,210,140,90,50,40,20
インターン 登録,50,20,30,20,10,10,30,20,40,110,170,90
採用,18100,14800,14800,14800,12100,12100,14800,14800,14800,14800,14800,14800
2016 就活 解禁,10,10,10,10,0,10,10,10,10,10,20,10
省庁 インターン,260,140,110,90,90,50,70,70,110,260,590,390
インターンシップ 海外,880,720,720,720,590,590,720,590,720,1000,1000,880
2018 就活 イベント,10,10,10,10,10,10,20,20,10,10,10,10
インターンシップ 募集 冬,10,0,10,10,10,10,10,0,0,0,10,10
2018 就活 解禁,10,20,30,50,50,90,140,170,70,110,70,40
ベンチャー 求人 新卒,20,10,10,10,10,20,10,10,20,20,30,40
2017 就活 スケジュール,30,20,20,20,10,10,10,10,10,10,10,10
リクナビ インターン,6600,3600,2900,3600,3600,2900,3600,2400,1300,3600,6600,8100
インターン 募集 2018,10,10,10,10,10,10,40,20,90,320,320,140
転職 新卒,880,720,590,590,480,390,390,320,320,720,720,720
インターンシップ 冬 2016,10,0,0,0,10,0,0,0,0,0,0,0
インターン 探す,70,40,40,30,30,30,40,50,170,170,90,70
就活 解禁 2017,170,110,90,140,90,210,140,170,110,50,40,20
大学生 春休み インターン,10,10,20,20,30,50,70,20,10,0,10,10
2020 カレンダー,480,720,880,1000,1000,1000,1300,1300,1300,1900,1600,1900
リクナビ,368000,246000,201000,201000,201000,165000,246000,368000,673000,450000,368000,368000
新卒,6600,5400,5400,5400,4400,4400,5400,6600,9900,12100,8100,8100
日経 就職,140,90,90,140,90,90,140,140,140,140,140,140
就活 2018 インターン,10,10,10,10,10,10,10,10,10,10,0,10
中途,1300,1300,1300,1300,1300,1000,1300,1300,1300,1600,1600,1300
マスコミ 就職,1000,720,880,1000,880,880,720,590,1000,1000,720,480
インターンシップ 2016 募集,0,0,10,0,0,0,0,0,0,10,0,0
公務員 インターンシップ 募集,260,90,110,40,70,40,50,20,70,170,260,210
マイナビ インターン,12100,5400,4400,6600,6600,6600,6600,3600,1600,4400,9900,14800
インターン 長期 おすすめ,40,10,10,10,10,10,30,30,30,10,40,50
インターン 募集 サイト,40,40,30,40,50,50,90,70,140,110,140,110
インテリジェンス,40500,22200,22200,18100,18100,18100,18100,18100,18100,18100,18100,18100
就活 流れ 2018,30,10,40,50,40,70,170,320,140,90,70,30
教科 英語,3600,4400,3600,6600,2900,2400,3600,2900,2400,3600,3600,4400
ja インターンシップ,210,140,90,90,140,170,260,170,40,110,210,260
春 インターン 2017,10,0,10,10,10,10,0,0,0,0,0,0
小学生 英会話,260,260,320,260,320,260,320,320,260,320,210,260
就職 スケジュール,70,40,50,50,70,50,90,110,110,70,90,50
アメリカ インターンシップ,720,720,720,720,590,480,590,590,590,720,720,720
インターン 有給 短期,10,10,10,10,10,10,10,10,10,20,20,40
求人 転職,390,390,320,390,320,390,480,390,480,390,390,320
インターン 一覧,110,70,70,90,90,90,90,90,70,210,320,210
マイナビ,550000,368000,301000,368000,301000,301000,368000,550000,823000,673000,550000,450000
オリンピック 2020,1900,2400,2400,2400,2400,3600,5400,4400,1300,2400,3600,4400
関西 インターンシップ 募集,30,30,70,70,40,40,30,30,70,110,110,50
春休み インターン 2017,10,10,20,30,10,10,0,10,0,0,0,0
2017 春 インターン,0,10,0,10,0,10,0,0,0,0,0,0
就活 資格,1600,1000,1600,1900,1600,1300,1900,1900,2400,2900,1900,1900
ベンチャー インターン,1000,480,390,480,390,390,390,260,390,480,720,1000
インターン 2017 夏,390,90,10,10,0,10,10,10,10,10,20,10
イベント インターン,30,20,10,30,20,10,20,20,10,30,70,40
インターンシップ 夏 募集,50,10,0,0,0,10,10,10,10,40,70,40
東京 マンション 価格,210,260,260,260,210,140,320,260,260,170,170,170
英会話 小学生,390,390,480,390,390,390,480,590,590,480,320,390
就活 面接 セミナー,20,20,10,10,20,30,90,140,70,40,30,20
インターン 2017 春,10,0,0,0,0,0,10,0,0,0,0,0
大学生 インターン 募集,20,10,10,20,10,10,20,20,10,30,40,40
職安,27100,27100,27100,27100,22200,22200,27100,27100,27100,27100,27100,27100
楽天 就職,1900,1300,1000,1300,1000,1300,1600,1900,2400,1900,2400,1900
採用 インターン,30,30,40,40,50,30,30,40,30,90,50,50
就活 口コミ,260,170,140,140,140,110,260,320,720,720,590,590
就活 記事,70,50,30,110,50,40,70,70,140,140,140,110
インターンシップ 冬季,30,20,50,110,90,70,50,20,10,10,10,10
冬 インターン 募集,30,90,260,170,140,70,40,10,10,10,10,30
ベンチャー 就職 新卒,40,30,20,40,30,40,30,50,40,20,10,20
就活 2,590,390,320,90,70,210,210,90,140,90,210,210
面接 セミナー 就活,10,10,10,10,10,10,30,30,10,10,10,10
就活 学生,30,30,30,30,30,20,30,50,70,50,50,40
インターン 長期 有給,30,20,30,40,50,50,20,20,50,90,40,30
ハローワーク,1220000,1220000,1000000,1220000,1000000,1000000,1220000,1220000,1220000,1220000,1220000,1000000
インターンシップ イベント 2018,10,10,10,10,0,10,10,10,10,10,20,30
インターン サイト おすすめ,90,70,50,70,50,50,90,110,210,320,320,170
英語 授業 小学校,70,70,50,90,90,70,90,90,110,140,110,90
来年 就活,10,10,20,20,10,20,10,10,20,10,10,10
就活 時期,1300,1000,1300,1300,1300,1300,1900,1900,1900,1900,1600,1300
就活 予定,30,20,30,40,50,50,90,170,110,50,40,30
秋 インターン 2018,0,10,10,0,0,0,0,0,0,10,10,10
オリンピック パラリンピック,1600,1900,1300,1900,1900,1900,2900,2900,2400,1000,1300,1600
夏 インターン 募集,10,10,0,10,10,10,10,10,10,30,40,10
就職 フリーター,320,320,320,320,390,260,480,320,390,390,320,260
インターン 夏季,70,10,10,10,10,10,10,10,20,140,140,70
大学生 インターン 夏休み,30,40,10,0,10,10,0,10,10,20,30,40
インターンシップ 募集 方法,20,30,20,30,40,20,30,20,20,70,90,110
インターン 短期 有給,10,10,10,10,10,20,20,30,10,20,10,10
エントリー シート,18100,9900,8100,9900,9900,12100,14800,33100,60500,33100,18100,18100
就活 ホームページ,20,10,10,10,10,10,10,30,20,20,20,10
インターン 職種,50,30,30,40,30,40,40,30,50,90,90,90
インターン 締切 2018,0,0,0,0,0,0,10,0,0,0,10,10
ハローワーク 新卒,2400,1900,1600,1600,1300,880,1000,1900,2400,2400,2400,2400
就活 いつから,1600,1600,2400,2400,2400,2400,4400,4400,3600,2900,2400,1900
夏休み インターン 短期,10,10,0,0,0,0,10,0,10,10,10,10
地価 推移,720,590,880,720,720,590,880,720,880,720,880,720
楽天 就活,1300,720,720,720,590,590,1000,1600,2400,2900,2400,1600
mynavi,8100,6600,5400,6600,6600,6600,8100,8100,14800,12100,9900,9900
映画 インターン,590,590,590,480,480,480,480,390,390,480,590,720
インターンシップ 募集 夏,20,10,10,10,0,10,10,10,20,140,320,210
18 インターン,0,0,10,0,0,0,0,0,0,10,10,10
就活 仕事,30,10,10,20,10,10,20,20,40,50,20,10
転職 仕事,210,260,210,210,210,210,210,140,170,210,210,260
面接 質問,18100,18100,22200,18100,18100,14800,18100,27100,40500,40500,40500,33100
インターンシップ 18,10,10,0,10,10,0,0,0,10,0,10,10
夏休み インターン 大学生,10,10,0,0,0,0,0,0,10,50,90,90
就活 企業,260,210,210,260,320,390,480,480,590,480,320,320
東京 就活,260,210,210,260,170,210,320,480,480,390,320,210
インターン 夏 2018,10,10,10,0,10,0,10,70,140,720,390,110
求人 就職,70,40,40,20,20,40,30,50,50,30,30,30
就活 18,20,10,20,10,10,10,10,10,0,10,10,10
日経 就活 2017,0,0,10,0,0,0,0,0,0,0,0,0
インターンシップ 募集 金融,10,0,0,0,0,0,0,0,10,10,0,10
新卒 就活 相談,20,10,10,10,10,10,10,20,20,30,30,20
大卒 就活,90,40,40,30,50,40,40,50,70,70,70,50
秋 インターン 2016,0,10,0,0,0,0,0,0,0,0,0,0
2017 就活 解禁,30,30,40,40,30,20,20,10,20,10,10,10
インターンシップ 給料,1900,1900,1600,1300,1000,1000,1300,1300,1300,1900,2900,2900
秋 インターン 募集,50,70,90,20,10,0,0,10,0,10,10,10
就職 面接 スーツ,70,50,90,110,90,70,110,110,90,110,140,90
東京 就職 求人,70,40,170,170,70,90,90,140,170,170,260,140
夏 インターン 申し込み,10,10,0,0,10,10,10,40,70,170,260,90
インターン 口コミ,50,40,50,30,50,20,40,40,20,20,50,70
仕事 就活,30,20,10,10,10,10,10,20,20,10,20,20
就活 今年,30,20,20,20,30,20,30,70,110,70,50,40
小学校 英語 授業,170,110,110,140,210,110,210,140,170,260,210,210
就活 日程 2018,10,10,10,20,10,20,30,50,30,10,10,10
就職 新卒 求人,10,10,10,10,10,10,10,10,10,10,30,70
インターン 映画,2900,2900,2400,2400,1900,1900,2400,1900,1900,1900,2400,2900
インターンシップ 夏休み 募集,30,10,10,10,10,10,10,10,10,20,10,10
大学生 就活 サイト,10,10,10,10,10,10,10,10,20,10,20,10
就職 es,20,30,20,40,30,30,40,50,90,50,30,30
就活 面接 練習 企業,10,10,10,20,10,40,70,210,320,170,40,20
就活 エントリー シート,390,260,320,320,390,480,880,1900,2400,1000,590,480
新卒 就活 スケジュール,20,10,10,20,20,20,30,30,20,40,20,20
2016 冬 インターン,10,0,10,0,0,0,0,0,0,0,0,0
インターン 2018 夏,10,10,10,10,10,30,90,90,320,880,1300,390
インターンシップ 春休み 2016,0,0,0,0,0,10,0,0,0,0,0,10
インターンシップ 募集 夏休み,20,10,10,10,10,10,10,10,20,30,40,20
春 インターン 2016,10,0,0,0,0,0,0,0,0,0,0,0
就活 始まり,30,20,30,40,40,40,110,110,50,40,30,20
小学生 英語 授業,110,70,110,110,110,90,140,140,140,170,110,140
金融 インターン 募集,10,10,10,10,10,10,10,10,10,10,10,10
札幌 土地 価格,320,260,170,140,320,260,390,260,320,320,320,320
小学生 英語 必修,170,140,140,210,260,210,320,260,210,210,140,110
就活 掲示板,1300,720,480,480,320,390,720,720,1900,3600,3600,2400
就活 大学生,90,90,70,90,90,70,110,140,170,140,140,110
春休み インターンシップ 2016,10,0,0,0,0,10,10,0,0,0,0,0
英語 小学校 教科,70,10,10,30,10,20,20,20,10,20,40,20
大阪 土地 価格,260,170,320,260,210,260,390,260,390,170,320,260
2018 インターン 夏,10,10,10,0,10,10,10,10,40,140,210,70
2020 住宅,40,30,50,40,40,40,40,40,30,30,50,20
夏 インターン 2018,10,10,0,10,10,10,50,90,390,1000,590,110
求人 就活,10,10,10,10,10,10,10,10,10,10,10,10
インターン 東京,390,390,260,210,210,260,320,260,320,590,880,720
マンション 暴落,210,260,320,210,140,140,170,170,210,140,320,720
就活 ランキング,880,590,590,720,590,720,720,1000,1900,1900,1900,2400
インターン 評判,40,20,20,20,20,20,10,10,10,10,30,40
理系 就活 面接,10,10,10,10,10,10,10,10,20,20,20,10
面接 マナー,33100,18100,27100,22200,14800,8100,33100,40500,27100,40500,40500,33100
インターンシップ マイナビ,1600,880,590,720,590,720,880,480,480,1300,1600,1300
就職 正社員,140,90,110,110,90,90,170,140,110,140,140,110
インターンシップ is,40,50,30,30,40,30,40,40,10,20,20,30
為替 予想,27100,27100,27100,27100,27100,18100,27100,27100,27100,22200,27100,22200
就活 準備 2018,0,0,10,0,10,0,10,10,10,0,0,0
就活 スタート 2018,10,10,10,10,10,10,20,20,10,20,10,10
大学生 就職,480,390,480,480,390,390,480,390,480,590,590,480
英語 授業,720,590,720,720,590,590,720,590,590,880,880,720
為替 推移,2400,2400,2400,2400,1900,1900,2900,2900,2400,1900,1900,1600
食品 インターン 2018,0,10,0,0,10,10,0,10,0,10,10,10
就職 求人 新卒,10,10,10,10,10,10,10,10,10,10,10,10
インターンシップ 意味,3600,4400,3600,2900,3600,3600,3600,2900,2400,2900,3600,5400
就活 面接 本,110,50,50,50,70,90,170,260,390,260,170,110
今年 就活,20,20,20,10,20,30,50,50,110,70,50,30
京都 土地 価格,170,170,210,170,170,170,260,210,260,210,260,210
2018 就活 インターン,0,10,10,10,10,0,10,0,0,10,10,10
インターン 有料,30,20,20,20,20,20,20,20,10,20,30,40
就活 2016 解禁,0,0,10,0,0,0,10,10,10,10,0,10
就職 転職,140,110,140,110,140,140,170,170,140,110,110,110
インターン 関西 短期,10,10,10,10,10,10,10,10,10,30,30,20
新卒 就活 2017,0,10,10,0,10,0,0,0,0,0,0,0
インターンシップ 口コミ,40,30,30,30,30,20,30,10,10,10,30,30
求人 新卒 2017,10,10,10,10,10,10,10,10,0,0,0,0
就活 テレビ,20,10,20,20,20,20,20,30,90,20,20,10
インターンシップ 募集 一覧,20,10,10,10,0,10,10,10,10,20,20,10
インターンシップ 体験,70,90,50,50,40,40,50,70,30,50,90,70
インターン 関西 夏,10,10,10,10,0,0,10,0,10,30,20,10
2017 冬 インターン,10,10,20,50,40,10,10,10,0,0,0,10
東京 インターンシップ,260,260,210,210,210,260,260,260,260,480,590,480
インターン 留学,210,210,170,210,210,140,170,170,170,260,210,210
インターンシップ 春 募集,0,0,10,10,10,10,20,10,0,10,0,10
就活 サポート,170,210,110,110,140,90,210,210,260,210,210,210
土地 価値,140,140,110,110,110,110,170,140,170,140,170,110
ベトナム 経済,880,720,590,880,880,720,880,590,720,880,1000,880
高専 インターンシップ 募集,20,20,10,10,10,10,30,20,40,110,170,70
2018 夏 インターン,10,0,10,10,10,20,70,70,210,480,480,170
夏 インターン 締切,40,10,0,0,0,10,10,10,10,30,50,90
小学校 英会話,10,30,30,20,20,30,20,30,20,50,20,30
札幌 地価,210,170,320,140,210,140,210,170,390,170,210,170
インターンシップ 夏期,10,10,10,0,10,0,10,10,10,20,30,10
会社 就活,10,10,10,10,10,10,10,10,30,20,10,20
ナビ 就活,10,10,10,10,10,10,10,10,10,10,10,10
jeek,1600,1600,1600,1600,1300,1000,1000,1000,1600,1600,1600,1300
就活 電話,2900,1900,1600,1600,1300,1000,1900,2400,6600,6600,5400,3600
2017 就活 面接,10,10,0,0,10,0,10,10,0,0,0,0
就活 髪型,9900,8100,6600,8100,9900,12100,22200,40500,33100,18100,14800,12100
2020 平成,260,260,260,320,320,260,260,210,260,720,320,390
インターンシップ 評判,30,30,20,10,10,10,20,10,10,10,20,30
留学 インターン,140,170,140,170,110,110,140,110,140,210,210,170
就活 2017 インターン,0,10,0,0,10,0,0,0,0,0,0,0
大学生 夏 インターン,10,10,0,10,0,0,10,10,10,10,30,20
教育 英語,3600,3600,3600,4400,4400,3600,4400,3600,5400,4400,4400,4400
株 就活,20,20,20,20,20,10,10,30,30,20,20,20
英語 小学校 必修,40,50,50,50,50,50,90,170,170,170,40,90
テレビ 就活,10,30,20,20,30,40,40,30,30,30,20,20
2017 就活 インターン,0,10,0,0,0,10,0,0,0,0,0,0
まい なび 2018,3600,2400,1900,1900,1600,1000,1000,1300,590,320,210,170
npo インターン,260,210,170,210,170,170,170,140,170,320,480,390
マンション 2020,50,50,40,30,70,20,50,50,50,50,40,40
就職 就活,10,10,10,10,10,10,10,10,10,10,20,10
北海道 土地 価格,210,320,260,260,90,50,50,40,70,70,90,90
東京 就職 新卒,30,70,50,70,50,50,70,90,70,110,90,90
就活 ブログ,880,590,480,720,590,480,720,880,1300,1300,1000,880
面接 就活 セミナー,10,10,10,10,10,10,10,20,10,10,10,10
東京,823000,823000,673000,823000,673000,550000,673000,673000,823000,673000,673000,550000
内定,8100,6600,8100,6600,6600,5400,5400,6600,8100,9900,12100,9900
就活 開始 2018,10,10,30,10,10,10,20,10,20,10,10,10
就活 番組,10,10,10,20,20,20,10,30,70,30,20,10
就活 株,30,20,20,20,30,40,30,30,40,50,50,30
就活 登録 サイト,10,10,10,10,10,10,30,30,30,20,20,10
仕事 就職,70,50,40,50,70,40,50,50,30,50,70,50
インターンシップ 募集 関西,10,10,10,10,10,10,10,10,10,20,10,10
マイナビ インターン 2016,10,10,10,10,10,10,10,0,0,0,0,10
就活 面接 スーツ,70,50,40,40,40,50,40,70,110,90,50,70
小学生 教育,140,90,140,110,140,110,170,140,140,170,210,170
2020 マンション,30,50,30,40,30,30,40,20,30,30,50,30
採用 就活,10,10,10,10,10,10,10,10,10,10,10,10
英語 小学生 必修,20,10,20,20,20,20,30,20,30,20,20,20
みんなの,12100,8100,8100,8100,8100,8100,9900,8100,9900,9900,9900,9900
インターン 入社,70,70,50,50,40,30,40,50,70,50,50,50
就活 来年度,10,10,0,10,10,10,10,10,10,10,10,10
2018 就活 セミナー,0,10,10,0,10,0,10,0,10,10,0,10
インターン とは,1600,1600,1600,1600,1300,1300,1600,1600,1300,1600,1900,2900
英語 小学,20,30,30,20,20,20,30,30,40,20,20,30
インターンシップ 説明,30,20,10,10,20,10,10,20,10,10,40,40
就活 新卒 サイト,10,10,10,10,10,10,10,10,20,20,10,10
就活 面接 質問,1900,1300,1300,1000,1300,1300,1900,4400,8100,8100,4400,2900
就職 ポイント,30,20,30,30,20,30,20,40,30,40,30,40
インターン 募集 アパレル,10,10,0,10,0,10,0,10,10,10,10,10
就活 職種,140,140,170,170,210,210,320,390,390,390,320,320
インターン ベンチャー,260,170,170,140,110,90,140,140,170,170,170,260
インターン アルバイト,210,170,170,170,110,140,140,170,140,170,210,210
就活 pc,10,10,10,10,10,10,30,20,40,10,10,10
就活 転職,110,110,90,90,90,90,140,110,110,110,110,110
就活 計画,10,10,30,10,20,30,30,30,30,20,10,30
小学校 英語 必修,320,320,390,320,390,140,140,210,210,260,320,320
就活 メール,8100,5400,4400,4400,3600,3600,5400,6600,14800,14800,12100,9900
楽天 新卒,590,320,320,480,590,720,1300,2900,2900,1900,1600,1000
tokyo,49500,49500,49500,60500,49500,49500,49500,49500,60500,60500,60500,60500
就活 来年,20,10,10,10,30,10,10,10,20,30,20,20
2020 マンション 価格,20,20,20,10,20,30,30,50,30,20,20,20
カウントダウン,22200,22200,33100,74000,60500,201000,33100,22200,27100,27100,22200,40500
インターン 冬 2018,10,10,0,10,10,10,10,10,0,0,10,0
2017 インターン 夏,20,10,0,10,10,0,0,0,0,10,10,0
大学生 就活 準備,10,10,10,10,10,10,10,10,20,10,10,10
来年度 就活,10,10,10,10,10,10,10,10,10,10,10,10
インターンシップ 短期 関西,10,10,0,10,10,10,10,10,10,10,10,10
情報 インターン,10,10,10,10,10,10,10,10,10,10,20,30
大学生 就活 スケジュール,40,50,90,70,110,90,110,90,70,110,210,90
東京 新卒 求人,90,90,110,70,70,20,50,70,40,50,40,70
インターン 2017 冬,10,10,40,50,30,20,0,0,0,10,0,0
2017 新卒 求人,10,20,10,30,10,10,10,10,10,0,0,0
マイナビ インターン 2018,40,10,20,20,20,20,20,10,10,40,90,70
2018 就活 日程,30,10,10,10,10,0,10,10,10,10,10,10
2018 就活 エントリー,10,10,10,10,10,10,10,10,10,10,10,0
就活 時期 2018,110,110,140,110,90,140,260,210,170,140,170,110
就活 セミナー 日程,10,10,10,10,10,10,10,10,10,10,10,10
就活 spi,260,210,260,390,320,320,590,880,1000,720,390,320
2020 不動産,50,40,50,50,20,30,40,40,50,40,70,70
orinpic,110,70,110,90,90,140,110,1600,110,90,90,90
2017 インターン 一覧,10,10,10,10,10,10,10,0,10,10,10,0
新卒 求人 2017,20,20,10,10,10,10,10,10,10,10,0,0
冬 インターン 締切,20,10,30,70,90,70,40,10,10,10,10,10
インターン 今日,10,20,10,10,10,20,30,40,10,10,10,20
インターン エンジニア,260,210,170,140,170,210,210,170,170,260,320,210
英会話 小学校,50,30,40,20,30,20,30,20,30,40,30,20
インターンシップ エントリー シート,2900,880,480,720,880,1300,1300,480,170,390,1900,4400
インターンシップ 募集 マスコミ,10,0,10,10,10,0,10,10,10,10,10,10
就活 2018 サイト,10,0,0,10,10,10,10,0,0,0,0,0
大学生 就職 準備,10,10,10,10,10,10,10,10,10,10,10,0
インターン バイト,1300,1000,1000,1000,880,720,880,880,880,1600,1300,1000
就活 期間 2018,10,0,10,0,10,10,10,10,10,10,10,10
インターンシップ 2017 募集,30,10,20,10,10,10,10,0,10,10,0,10
冬 インターン 2018,50,50,70,40,30,20,30,10,10,10,10,20
メーカー インターン 冬,10,10,10,10,10,10,20,10,10,10,10,0
京都 地価,210,170,480,260,260,210,260,210,390,260,260,170
就活 封筒,5400,2900,2400,2400,1600,1300,1900,2400,9900,12100,8100,5400
18 就職,10,10,10,10,10,10,10,10,10,10,10,10
就活 インターン 2017,10,0,0,0,0,0,10,10,0,10,0,0
高校生 就職 求人,260,140,210,70,50,30,70,50,50,40,40,110
2016 就職 解禁,0,10,0,0,0,0,10,0,10,10,0,0
受付 就職 新卒,20,10,20,10,10,20,50,50,30,30,30,30
不動産 土地 価格,40,50,40,50,40,40,50,70,50,40,40,30
インターン 夏 2017,170,30,10,10,0,0,0,0,10,10,10,0
インフラ インターン,320,210,210,210,210,210,320,260,260,320,480,390
理系 インターンシップ 募集,10,10,0,10,10,10,0,0,10,10,10,0
就活 楽天,170,90,90,90,70,90,140,170,320,590,720,390
2018 就活 開始,10,10,10,10,10,10,10,10,10,10,10,10
大学生 就職 解禁,10,10,10,10,10,10,20,10,10,20,10,10
冬 インターン 申し込み,10,10,10,10,10,10,10,10,0,0,10,10
就活 www,10,0,0,10,0,0,0,10,0,0,0,10
就活 動画,210,140,140,210,170,320,320,210,390,260,260,260
円 ドル 為替 推移,260,210,260,320,320,260,320,390,320,260,260,210
tokyo olympic,880,590,720,720,720,720,880,1300,720,590,720,720
インターン 予定,20,10,10,10,10,10,10,10,20,10,30,10
転職 就職,70,70,50,70,40,40,40,40,40,50,50,40
ドコモ スケジュール,1900,1600,1600,1600,1600,1300,1600,1300,1600,1600,2400,1900
tokyo2020,1900,1600,1300,1900,1300,1600,1300,1900,1600,1600,1600,1900
就活 女,140,110,110,110,90,90,170,170,320,170,170,110
就職 大学生,30,20,30,30,30,20,70,30,30,30,30,30
解禁 就活,0,10,10,10,10,10,10,50,20,10,20,20
オリンピック 東京,3600,3600,4400,4400,3600,4400,4400,8100,2900,2400,2900,2900
みん就,27100,9900,6600,8100,9900,12100,22200,27100,90500,165000,165000,110000
マンション オリンピック,50,90,90,90,40,30,90,40,70,50,90,50
2017 就職 解禁,10,10,10,10,10,10,10,10,0,0,0,10
インターン 冬 2017,10,20,70,40,20,10,10,10,10,0,0,0
リオ オリンピック 2016 年,110,90,50,40,20,30,20,10,10,10,10,10
オリンピック,110000,135000,135000,110000,110000,165000,246000,4090000,201000,165000,165000,135000
から 英語,4400,4400,3600,4400,3600,3600,4400,3600,3600,3600,4400,4400
日本 オリンピック,1000,1000,1300,1000,1000,1300,1900,12100,1300,1000,1300,1300
2018 就活 状況,480,260,170,170,90,110,260,170,170,140,320,320
春休み インターン 関西,10,0,10,10,0,10,10,10,10,0,0,0
みんしゅう,165000,60500,33100,33100,27100,33100,49500,60500,165000,450000,450000,368000
3 英語,4400,5400,4400,4400,4400,4400,4400,3600,3600,4400,5400,5400
年 英語,2900,2900,2900,2900,2900,5400,3600,2400,2400,2900,2900,2900
導入 英語,4400,3600,3600,4400,4400,3600,4400,3600,3600,4400,4400,4400
大学生 就活 時期,170,170,260,140,110,140,210,390,480,260,170,110
学年 英語,2400,1900,1900,1900,1600,1600,1600,1600,1600,2900,2900,2400
活動 英語,3600,2900,2900,3600,3600,2900,3600,2900,2900,3600,4400,4400
就活 人気,140,140,140,90,90,140,140,260,480,390,320,320
年度 英語,1900,1900,1900,1900,1900,1900,2900,2900,4400,3600,2400,1900
民衆,3600,1900,1600,2900,2900,2900,2400,2900,6600,12100,8100,5400
企業 口コミ 就活,20,10,10,10,10,10,10,10,10,10,20,10
オリンピック 日本,880,880,1000,720,720,880,1600,22200,1300,720,880,1300
実施 英語,2400,1900,1900,2400,2400,1900,2400,2400,1900,1900,2400,2400
義務 英語,2900,2400,2400,2900,2900,2900,2900,2400,2400,2900,2900,2900
大阪 就職 新卒,50,50,70,50,50,50,110,110,140,90,90,90
もたらす 英語,2400,1300,1600,2400,2400,1900,2400,1600,1300,1600,2400,2400
小 英語,170,210,170,210,170,210,170,170,210,210,260,210
夏 インターン 応募,10,10,0,0,0,10,10,20,40,30,10,30
18 就活 スケジュール,10,10,10,0,10,0,0,0,0,0,0,10
就活 面接 理系,10,10,0,10,10,10,20,10,30,30,10,10
大学生 就活 いつから,260,210,140,320,320,260,480,210,210,480,390,260
アパレル 就職 新卒,30,50,50,70,30,30,70,40,30,40,40,30
インターンシップ 募集 食品,10,10,10,10,10,10,10,10,10,10,10,10
インターン 関西 募集,10,10,0,10,10,0,10,10,10,10,10,10
2020 英語 小学校,10,10,10,20,20,10,40,20,20,10,20,10
就活 準備 いつから,50,70,140,140,140,140,170,170,320,140,110,70
いつから 英語,1000,1000,1000,1000,1000,1000,1000,880,1000,1000,1300,1300
英語 小学生 授業,40,20,30,20,20,20,20,10,20,40,30,20
2018 就活 流れ,10,0,10,10,0,10,10,10,10,10,10,0
就活 動向 2017,10,0,0,0,0,0,0,0,0,0,0,0
小学校 英語 必須,30,10,20,20,10,20,20,20,20,20,20,20
就職 方法,70,40,40,70,40,30,50,50,50,50,40,50
自動車 未来,260,260,320,320,260,260,320,210,170,170,210,260
就活 2018 エントリー,10,10,10,10,0,10,10,10,10,10,0,10
就活 新卒 求人,10,10,10,10,10,0,0,10,10,10,10,10
学生 インターン 関西,10,10,10,0,0,10,10,10,10,10,10,0
テレビ局 就活 2018,10,10,0,0,10,10,10,10,0,0,0,0
ベトナム gdp,390,390,320,390,480,480,480,320,390,390,480,480
就活 エントリー 解禁,0,10,10,10,10,10,10,70,10,0,10,10
市役所 インターンシップ 募集,90,40,30,20,20,10,20,10,10,70,170,110
バイト インターン,90,90,90,90,70,70,70,70,90,140,90,110
インターン es,1600,320,170,480,590,720,590,210,170,170,720,2400
就活 2017 面接,0,0,0,0,0,0,0,10,0,0,0,0
日本 インターンシップ,70,40,40,50,40,30,40,20,30,50,40,50
大学生 就職 スケジュール,10,10,10,10,10,10,10,20,10,10,10,10
英語 活動,170,140,170,170,210,140,170,140,140,210,210,210
就活 いつから 2018,50,30,30,40,90,170,170,140,110,140,40,10
就活 メール インターン,20,20,10,90,30,30,70,70,10,10,10,30
インターン spi,110,30,20,40,50,70,70,50,20,70,140,260
地価 予測,90,140,110,110,110,90,90,140,110,110,90,90
小学校 英語 教科,90,50,40,50,40,50,70,40,40,50,40,50
東京 地価 推移,260,210,260,260,260,210,260,260,260,210,260,210
転職 就活,70,40,50,50,50,40,70,50,50,70,70,70
住宅 2020,20,10,20,10,10,10,10,30,10,20,20,10
5 英語,1300,1600,1000,1300,1000,1000,1300,1000,1000,1300,1600,1600
就職 口コミ,140,90,110,90,140,90,110,90,110,90,90,90
企業 就活,30,30,40,30,40,40,70,70,70,90,70,40
秋 インターン 締め切り,0,30,40,20,10,0,0,0,0,0,10,10
学生 就職,90,90,70,110,70,90,90,90,110,90,50,70
1day インターン 募集,210,110,50,70,50,40,70,70,90,110,140,110
インターン 夏 日程,30,10,10,10,10,10,10,10,30,70,40,10
インターン 募集 理系,10,30,10,10,0,10,10,0,10,10,30,10
理系 就職 面接,10,10,10,10,10,30,10,20,20,10,10,10
円 ドル レート 推移,140,140,110,110,110,90,170,210,170,110,140,140
経団連 就活 2018,10,10,10,10,10,10,10,10,10,10,10,10
就職 会社,50,70,50,70,50,70,70,70,90,90,70,40
インターンシップ 理系 2018,0,0,0,0,0,0,0,0,0,10,10,0
2018 就職 スケジュール,10,10,10,0,10,10,10,10,10,10,10,10
大学生 インターンシップ 関西,0,0,0,0,10,0,10,0,0,10,10,10
今日 オリンピック,10,10,10,10,10,10,10,4400,10,10,10,10
就活 エントリー 時期,20,40,30,50,50,70,140,320,170,70,40,30
インターンシップ 学校,40,30,50,40,30,30,50,20,40,70,70,90
オリンピック 五輪,390,480,390,390,390,880,720,2400,480,320,320,390
インターンシップ 募集 締切,0,0,0,10,0,0,0,0,0,10,10,10
関東 就職 新卒,10,10,10,10,10,10,10,10,20,10,30,40
不動産 暴落,390,480,480,390,320,260,390,320,390,260,390,720
インターンシップ イベント 2016,0,0,0,0,0,0,0,0,0,0,0,10
新卒 ベンチャー 求人,0,10,0,0,0,10,0,10,10,10,10,10
必修,1000,880,880,880,720,720,1000,1000,1000,1300,880,880
1964 オリンピック,170,170,170,480,590,590,590,590,480,720,480,320
オリンピック いつから,110,170,140,170,210,390,1900,3600,140,110,110,170
円 為替 推移,210,260,260,210,170,170,320,480,390,260,260,210
就活 エントリー 2018,10,10,10,10,10,0,10,10,10,10,10,10
横浜 就職 新卒,20,20,10,10,20,20,30,20,50,40,30,40
アルバイト インターン,70,30,50,50,30,50,40,50,50,90,70,50
マンション 下落,170,210,260,260,210,110,210,210,210,170,140,480
就職 意味,880,880,880,880,720,590,880,880,1000,1000,880,880
小学校 科目,170,140,140,170,140,110,210,170,210,210,260,210
就活 2017 夏,10,10,0,0,0,0,0,0,0,10,0,0
led 2020,40,20,40,20,30,30,20,20,20,20,40,30
インターンシップ 夏 期間,10,10,10,0,10,0,10,10,10,20,40,10
就活 短期,10,10,10,10,10,10,10,10,10,10,10,10
就活 ハローワーク 新卒,90,40,50,30,30,40,50,110,260,170,110,110
大学 就活 時期,170,70,90,170,110,210,260,210,140,140,90,70
就活 会社,50,40,20,40,30,40,50,50,70,70,70,50
就活 面接 仕方,10,10,10,10,10,10,10,10,40,40,20,10
オリパラ,1600,1600,1300,1600,1600,1900,1900,1600,1600,1600,1600,1900
夏 インターン 期間,30,10,10,10,10,10,10,0,10,30,30,20
rio to tokyo,30,20,10,10,40,20,20,70,20,30,30,20
大卒 就活 解禁,10,10,0,10,10,10,10,10,10,10,10,10
就職 転職 サイト,20,20,20,20,40,20,20,40,50,30,20,40
2018 就職 解禁,10,0,10,10,10,10,10,20,10,10,20,10
未来 車,390,590,590,720,590,480,480,390,390,390,390,320
パラリンピック オリンピック,90,70,40,90,110,90,110,170,260,40,70,90
就活 インターン 2016,0,0,0,0,0,0,10,0,0,0,0,0
就職 来年,10,10,10,10,10,10,10,0,10,0,10,10
orinn,70,70,50,70,70,90,90,480,90,70,70,70
2018 冬 インターン,10,10,10,10,20,10,20,10,0,10,10,10
カレンダー 就活,10,10,0,10,10,10,10,10,20,10,10,10
小学生 英語 勉強,30,20,30,30,30,30,50,30,30,20,30,20
tokyo オリンピック,390,390,320,390,320,720,720,720,320,320,320,390
新卒 就職 求人,10,10,10,10,10,10,10,10,10,10,10,10
就職 デザイン 新卒,0,10,10,10,0,10,10,10,10,10,10,10
就活 年,10,10,10,10,10,10,10,10,20,20,20,10
不動産 下落,260,260,260,260,210,210,260,320,320,170,320,480
インターン 冬 理系,10,10,10,10,10,10,10,0,0,10,10,0
就職 カレンダー,10,10,10,10,10,10,10,20,10,20,30,20
就活 2018 流れ,10,0,10,10,10,10,10,20,10,10,10,10
小学生 英語 授業 内容,10,10,10,10,10,10,10,10,30,20,20,20
就活 意味,320,320,260,210,210,260,390,320,480,390,320,390
長期 インターン 東京,90,170,170,140,110,210,260,260,390,480,390,480
2020 英語,210,110,170,140,260,210,260,210,170,170,210,260
今年 就活 解禁,10,10,10,20,10,20,40,40,20,10,20,10
インターンシップ 日本,30,40,20,20,20,20,20,30,30,30,40,40
為替 ドル 推移 予想,260,170,210,320,390,320,390,390,260,170,170,90
就活 始まり 2018,10,10,10,10,10,10,10,10,10,0,10,10
かに 英語,720,590,720,720,880,1000,1300,880,880,880,880,1000
オリンピック 今日,10,10,10,10,10,10,10,8100,10,10,10,10
インターンシップ 募集 航空,0,10,10,0,10,0,10,10,10,10,10,10
東京 人口 推移,720,590,480,590,590,480,720,590,590,590,720,720
英語 2020,10,10,20,10,20,10,40,30,40,30,50,40
英語 小学校 授業,10,10,10,10,10,10,20,10,10,20,30,30
大学生 インターンシップ 期間,10,10,10,10,10,10,10,10,10,10,10,10
就活 インターン 面接,10,10,10,10,10,10,20,10,10,10,10,10
jp jp,110,140,110,140,140,140,140,90,140,140,140,110
土地 値段 下がる,10,10,10,20,20,20,30,20,10,10,30,40
就職 面接 採用,10,10,10,10,10,10,10,10,10,10,10,10
為替 長期,110,110,90,90,70,70,140,140,140,50,110,70
経団連 就活,110,70,90,90,110,110,170,210,320,260,390,210
就職 時期,90,70,90,110,110,90,140,110,170,140,90,70
小学校 英語 導入,90,50,30,50,70,40,50,50,40,40,50,50
化 英語,480,480,480,480,480,480,480,390,390,480,480,590
名古屋 インターンシップ 募集,40,20,10,20,10,10,10,10,30,90,90,40
就活 2018 スタート,10,10,10,10,0,10,10,10,0,0,10,0
就職 面接 新卒,10,10,30,10,10,10,10,10,10,10,10,10
不動産 今後,170,170,260,210,210,170,260,210,320,260,260,260
就活 とは,140,170,140,140,110,110,170,260,320,260,210,170
求人 求人,40,20,30,30,30,20,30,20,20,50,20,20
東京 転職 求人,40,30,30,10,20,20,10,30,10,20,10,20
rio tokyo,30,20,20,10,10,20,10,70,10,10,20,20
車 未来,320,720,720,720,480,390,480,320,320,320,320,320
tocog,480,480,480,590,480,590,590,480,480,720,590,720
ngo インターン 募集,30,10,10,40,10,10,10,10,10,10,30,20
就活 面接 2016,0,0,0,0,0,0,0,0,10,0,0,0
オリンピック 開幕,30,20,10,30,20,50,390,1600,40,20,30,40
大学 就活 いつから,90,110,210,90,170,70,90,140,320,210,90,90
インターン 2019,720,390,320,320,320,260,260,210,170,260,320,110
五輪 パラリンピック,50,50,50,50,50,70,90,170,210,50,50,50
大学生 内定 解禁,10,10,10,0,0,0,0,10,0,10,10,10
it 未来,90,110,110,170,110,140,170,140,210,140,170,140
マンション 価値 下落,10,30,50,70,20,10,20,10,20,10,30,20
オリンピック マンション,110,110,110,110,90,90,140,90,90,70,90,90
マンション 問題,140,140,140,110,140,110,260,140,90,170,140,170
就活 面接 準備,90,70,40,40,50,50,110,210,390,480,320,140
インターンシップ 東京 夏休み,90,70,10,10,10,10,20,10,30,110,170,110
みんな,14800,14800,12100,9900,9900,12100,12100,9900,9900,9900,9900,9900
英語 いつから,260,260,260,210,210,210,320,260,260,260,210,260
不動産 価値 下がる,30,20,20,30,20,40,50,40,50,20,10,10
大阪 インターンシップ 募集,10,10,10,10,10,10,10,0,10,10,10,0
東京 インターンシップ 夏,40,20,10,0,10,10,10,10,10,40,50,30
就活 2017,480,320,260,260,170,140,90,40,20,20,10,10
みん就 2017,10,0,10,10,10,0,10,10,10,10,10,10
土地 暴落,50,70,70,40,50,20,50,50,50,30,50,50
東京 不動産 価格 予測,70,70,110,70,70,90,110,70,50,30,50,50
オリンピック バッジ 2020 配布,10,10,10,10,10,10,10,10,10,10,10,0
インターン インフラ,50,20,40,30,30,30,30,20,30,40,70,70
就活 スケジュール 例,10,10,10,20,20,10,50,90,90,40,20,20
求人 高校生 就職,20,10,10,10,10,10,10,10,10,10,20,10
小学 英語 教科,10,10,10,0,10,0,10,10,10,0,10,0
外資 就職 新卒,10,10,10,10,10,10,10,10,10,10,10,10
インターン 有給 東京,20,30,20,30,10,10,20,10,10,10,10,20
英語 教科 小学校,20,30,20,30,20,20,40,50,30,30,30,20
日本 土地 価格,40,50,30,30,40,30,40,40,30,40,70,70
小学生 英語 教科,20,10,20,10,10,10,20,20,20,10,10,10
インターンシップ 大阪 募集,20,10,10,20,10,30,70,70,50,110,90,70
小学生 英語 導入,10,10,10,10,10,10,20,10,10,10,10,10
就活 面接 コツ,110,70,70,50,50,50,90,140,260,390,210,170
就職 楽天,30,20,20,20,20,20,30,20,30,50,50,30
共産党 政策,260,110,480,4400,210,90,90,70,90,90,90,90
大学生 就活 解禁,10,10,20,10,10,10,10,30,30,20,20,30
小学生 英訳,140,140,70,140,70,40,70,70,70,90,70,50
動画 就活,20,20,30,30,30,50,40,30,40,70,40,40
英語 就職 新卒,10,10,10,10,10,10,10,10,10,10,10,10
英語 3,390,390,390,320,390,320,390,260,260,390,390,390
就活 エントリー いつから,10,10,10,10,50,90,320,390,90,50,30,10
新卒 2017 求人,0,0,10,10,0,10,0,0,10,0,0,0
インターンシップ 大阪 夏休み,10,0,0,0,0,0,10,10,10,10,40,90
インターン 日程 一覧,40,30,10,40,10,20,170,260,70,110,210,210
就活 いつ,50,70,70,90,70,50,140,110,110,90,70,90
日本 メダル オリンピック,10,10,10,10,10,10,10,2900,20,10,10,10
インターン いつ,90,70,70,70,40,50,110,90,110,170,210,110
札幌 インターンシップ 学生,50,20,30,50,40,40,20,20,40,90,90,70
熊本 インターンシップ 募集,10,10,10,10,10,10,10,10,20,40,50,30
有給 インターンシップ 国内,10,20,10,10,10,10,10,10,10,10,10,20
recruit インターン,20,10,10,10,20,20,10,10,10,20,50,110
年生,480,390,320,320,320,320,390,320,320,260,320,320
せいぜい 英語,320,260,320,320,390,320,390,260,320,320,390,390
小学校 教科,260,210,260,320,260,260,320,320,390,480,390,320
就活 みんしゅう,170,70,90,90,210,70,50,50,40,260,390,480
就職 東京 新卒,20,20,40,40,20,10,20,30,40,30,10,10
リオ 開幕,10,0,0,10,0,0,10,10,0,0,0,0
高校生 求人 就職,110,30,20,10,10,10,10,30,20,40,10,10
年生 英語,170,140,140,140,140,110,110,140,140,210,170,170
就活 掲示板 2017,10,10,10,10,10,10,0,0,0,10,0,10
intern 意味,320,260,260,320,260,260,320,170,210,480,480,390
東京 不動産 価値,20,10,10,20,10,10,10,10,10,10,10,10
2018 就活 いつから,10,10,10,10,10,10,20,10,10,10,10,10
偏光 英語,320,320,260,320,320,260,320,320,260,320,390,390
リオ 東京,70,70,50,50,40,70,50,390,50,40,70,70
2020 小学校 英語,20,10,20,20,20,20,30,30,30,30,30,30
外資 求人 新卒,10,10,10,10,10,10,10,10,10,10,10,10
5g docomo,90,70,70,70,110,110,170,170,210,140,260,170
オリンピック ピンバッチ 配布,50,70,140,140,110,140,110,590,170,90,70,90
インターン 就活 影響,20,10,10,10,20,30,50,20,20,20,20,10
京都 インターンシップ 募集,10,0,10,10,10,10,10,10,10,10,20,10
新卒 スケジュール,40,40,20,30,20,40,50,50,50,90,50,40
土地 今後,10,20,20,10,20,10,30,20,30,20,30,20
東京 求人 転職,10,20,10,10,20,10,10,10,10,10,10,20
インターン 時間,210,390,170,110,90,110,170,260,90,110,110,110
2018 就活 時期,10,10,10,10,10,10,10,10,10,10,20,10
理系 インターン 2018,0,0,0,0,0,10,10,0,0,10,10,10
新卒 高校 求人,20,20,30,10,10,10,10,10,10,10,10,30
インターン 関西 長期,10,0,10,10,10,10,10,10,10,10,10,10
就職 高校生 求人,10,10,10,10,10,10,10,10,10,0,10,10
新卒 就活 開始,10,10,10,10,10,10,10,10,10,10,10,10
オリンピック 公式,210,90,210,110,110,110,170,3600,390,170,170,210
みんしゅう 就活,90,90,50,30,20,40,90,110,170,140,140,140
での 英語,210,170,170,210,260,210,260,170,210,210,260,260
都心 マンション 暴落,10,30,50,40,30,50,70,70,90,50,50,90
英語 教科,260,210,260,260,210,210,320,320,210,320,390,480
都心 マンション 下落,50,50,90,70,30,20,30,40,70,50,70,140
民間 就活 流れ,10,10,10,10,10,10,10,30,10,10,10,10
インターシップ とは,110,110,90,50,70,70,90,90,50,90,110,140
マンション 購入 オリンピック,30,40,40,40,50,40,70,70,50,40,50,30
土地 価格 予測,20,10,20,10,10,10,20,10,10,20,20,10
不動産 相場 予想,10,10,10,10,10,10,20,30,10,10,20,30
インターンシップ 募集 名古屋,0,10,10,10,10,10,10,10,10,20,30,30
経団連 就職,170,70,110,110,90,110,170,210,260,210,320,210
インターン 映画 ワークス,20,20,30,30,20,20,10,20,10,10,10,10
必修 英語,320,140,210,320,260,260,320,210,170,480,320,320
横浜 インターンシップ 募集,10,10,10,10,10,0,10,10,10,10,10,10
オリンピック ピンバッジ 2020 配布,10,10,10,10,10,10,10,10,10,10,10,0
英語 必須,210,210,210,260,210,170,210,210,260,210,210,260
英語 小学校 必須,10,10,10,10,10,10,10,10,10,10,10,10
てか 英語,210,170,170,170,170,170,140,170,140,170,170,170
カルビー インターン 2018,20,10,10,20,10,10,10,10,10,10,30,40
インターンシップ 定義,110,110,90,90,110,70,90,70,70,90,110,140
英語 必修 小学校,20,30,20,10,10,30,30,20,20,30,20,10
ブログ 就活,40,30,30,40,20,20,70,40,70,50,40,40
小学校 英訳,170,140,110,140,90,70,90,140,110,140,110,110
土地 値段 推移,20,20,20,30,40,30,30,50,40,30,30,10
エントリー シート いつから,30,40,40,70,110,140,320,1000,590,140,90,90
オリンピック jp,10,10,10,0,0,10,10,5400,70,10,10,10
新卒 就活 時期,20,20,10,40,30,30,40,70,90,50,50,30
オリンピック 応援,50,50,70,70,110,140,210,720,90,70,70,70
18 就活,20,10,10,10,10,10,10,10,10,10,10,10
就活 時間,50,40,40,20,50,50,70,110,110,110,90,70
への 英語,210,210,170,170,170,170,170,140,140,170,210,210
就活 2016 サイト,0,0,0,0,0,0,0,0,0,0,0,0
就活 みんな,10,10,10,10,10,0,10,10,20,10,10,10
佐賀 新卒 求人,10,10,10,10,10,10,10,10,10,10,10,10
早期 英語,210,210,210,210,210,170,210,210,210,210,210,210
就活 経団連,20,10,10,30,20,20,50,70,140,90,110,50
インターンシップ 実習,110,140,70,70,50,50,70,70,40,90,90,70
オリンピック tokyo,110,90,90,70,70,70,90,110,110,90,90,70
npo 就職 新卒,30,30,30,20,30,30,40,40,30,40,50,30
小学生 授業 英語,10,10,10,10,10,10,10,10,10,10,10,10
インターンシップ 募集 いつから,40,10,10,10,10,10,10,20,110,210,210,70
就活 面接 動画,40,20,20,10,20,20,40,50,90,110,70,40
求人 新卒 2016,0,0,0,0,0,10,10,0,0,0,0,0
自動車 将来,110,90,110,110,110,110,110,70,90,70,110,110
オリンピック 前回,70,110,90,70,90,110,140,880,50,50,90,210
転職 就職 サイト,10,10,10,10,10,10,10,10,10,10,10,10
hp インターン,20,20,20,30,40,50,30,30,20,70,70,110
初等 英語,40,20,20,20,30,20,30,40,20,50,50,50
インターンシップ 募集 岡山,10,10,20,10,10,10,10,10,20,40,40,20
地価 下落,110,260,140,170,110,90,140,90,140,90,140,260
土地 値段 東京,40,40,40,50,20,30,20,20,20,20,20,30
カウント,8100,8100,8100,8100,9900,9900,8100,8100,8100,8100,8100,8100
就活 インターン 時期,30,20,10,10,10,20,40,30,50,40,40,40
インターン バイト 違い,110,90,70,70,90,90,110,90,110,140,170,170
新卒 東京 就職,10,0,0,10,10,10,10,10,10,10,10,10
日本 人口 ピーク,260,260,260,320,260,320,390,320,260,320,390,390
卒業 就活,10,10,10,10,10,10,10,20,40,20,20,10
東京 不動産 下落,30,40,50,20,20,30,20,20,20,30,50,70
インターン 採用 関係,20,20,20,10,30,20,30,20,10,10,20,50
就活 面接 受付,110,70,50,70,70,70,50,110,210,320,170,110
インターンシップ 予約,50,50,20,20,20,20,40,50,20,20,110,90
マンション 価格 下がる,50,50,50,50,40,40,40,40,40,50,50,70
東京 就職 転職,10,10,10,10,10,10,10,10,10,10,10,10
就活 2018 時期,10,10,10,10,10,10,10,10,10,10,10,10
マンション 崩壊,90,50,70,70,50,30,40,50,40,110,140,260
就活 実態,40,10,20,40,30,10,30,40,70,50,40,30
就活 面接 時期,20,20,30,20,40,50,110,210,210,140,70,30
インターンシップ 募集 東京,0,10,10,10,10,10,10,10,10,20,20,10
日本 五輪,30,30,30,20,40,30,70,260,40,20,30,20
就活 レポート,90,70,40,40,20,40,40,70,70,110,140,110
就職 動画,10,10,20,10,10,10,20,10,10,10,10,30
不動産 見通し,30,30,20,50,50,30,50,30,30,10,70,30
楽天 インターンシップ 2016,10,0,10,10,0,0,0,10,0,0,0,0
福岡 インターンシップ 募集,10,0,0,0,0,0,10,10,0,10,20,10
大学 インターン とは,20,50,50,20,10,10,20,30,20,20,10,10
オリンピック 理念,210,110,110,170,210,210,590,480,110,90,140,260
不動産 地価 推移,30,20,30,20,20,20,20,20,20,10,10,30
小学生 英語 いつから,30,30,40,30,40,30,50,70,90,70,40,70
ドコモ 2020,40,30,30,40,40,30,30,40,30,40,50,40
インターンシップ 募集 大阪,10,20,20,10,20,10,10,10,20,50,50,30
2 就活,20,20,10,10,30,40,70,50,70,50,70,50
大阪 インターン 有給,10,10,10,10,10,10,10,10,10,10,10,10
マイナビ インターン エントリー,210,70,50,40,90,140,170,140,20,10,90,390
エントリー シート 時期,20,20,20,70,70,70,140,260,140,70,20,20
オリンピック 国分寺,260,210,210,260,260,320,260,260,320,260,260,320
日にち カウントダウン,480,390,480,480,390,320,390,390,320,320,320,260
オリンピック 東京 決定,170,110,140,170,140,110,140,140,90,70,70,90
就活 2018 いつから,10,10,10,10,10,10,20,30,40,20,10,10
2019 インターンシップ,320,260,260,140,110,110,140,110,70,140,140,70
リオ 東京 オリンピック,30,30,30,40,20,30,50,320,50,20,10,10
テレビ局 就活 時期,30,30,40,70,90,90,90,50,70,50,50,40
土地 価値 今後,10,10,10,10,0,10,10,0,10,0,0,10
リオデジャネイロ オリンピック,2900,4400,2900,2900,2900,2400,3600,9900,3600,1900,1900,3600
オリンピック バッジ 配布,30,20,10,30,20,20,20,20,30,10,20,20
オリンピック スペル,110,70,110,110,70,90,140,480,140,90,140,140
東京 マンション 下落,70,50,30,30,30,10,30,10,30,10,40,30
官公庁,9900,9900,9900,9900,9900,9900,12100,9900,9900,12100,12100,12100
就職 インターンシップ 必要,10,10,10,10,10,10,30,10,10,30,10,40
日数 カウントダウン,210,210,260,260,260,170,260,210,170,170,260,210
インターンシップ テーマ,110,70,50,30,30,40,20,20,20,30,70,110
マンション 値段 下がる,20,40,50,20,10,10,20,10,10,20,30,40
就活 爆笑,30,20,20,30,10,20,20,30,70,50,20,20
マンション 価格 オリンピック,30,30,20,30,50,20,40,30,30,40,40,30
インターン アルバイト 違い,50,70,40,40,40,40,40,50,90,50,70,70
来年 就活 開始,10,10,10,10,10,10,0,10,10,10,10,10
就活 面接 うまくいかない,50,20,30,10,10,10,10,20,30,70,110,90
小学校 英語 いつから,90,90,90,110,70,70,110,90,90,110,90,70
テレビ局 就活 スケジュール,10,10,10,10,10,20,30,30,10,10,10,20
土地 価格 下がる,40,50,40,40,40,40,30,40,50,50,30,40
インターンシップ 問題,20,10,10,10,10,10,10,10,10,10,10,10
就職 ブログ,70,40,30,30,30,30,50,40,50,50,40,20
環境 就職 新卒,10,10,10,10,10,10,10,10,10,10,20,10
英語 導入,140,110,90,110,140,110,140,90,110,140,140,170
地価 推移 予測,50,40,70,50,50,50,70,50,50,50,40,50
新卒 就職 大阪,10,10,10,10,10,10,10,10,10,10,0,10
sm 課題,170,170,210,170,140,140,110,110,90,140,140,170
minnsyu,140,50,30,90,70,50,70,70,260,390,320,170
就活 インターンシップ 必要,30,10,10,10,10,10,20,30,10,10,20,40
東京 地価 下落,90,90,90,90,40,50,90,70,50,70,70,50
日本 オリンピック 2020,170,110,70,50,140,90,110,720,70,70,70,90
インターン 意味 就活,20,20,10,10,10,10,20,10,10,10,20,20
インターン インターンシップ 違い,90,70,50,70,50,70,70,90,140,170,210,110
インターンシップ 発表,70,320,320,140,90,50,50,70,30,20,30,50
オリンピック ホームページ,40,20,170,50,40,40,90,480,40,20,40,50
tokio オリンピック,110,30,40,20,50,70,70,50,10,1900,1900,70
不動産 将来,70,90,70,50,50,70,70,50,70,70,70,70
東京 地価 予測,70,110,110,70,70,70,110,110,110,70,110,110
出版 インターン 大阪,10,10,10,10,10,10,10,10,10,10,10,10
新卒 就活 サポート,10,10,10,10,10,10,10,10,20,10,20,10
リクナビ 楽天,20,10,10,10,20,20,20,20,40,40,30,20
大学 就活 解禁,10,10,10,10,10,10,10,10,10,10,20,10
今年 就活 いつから,10,10,10,10,10,10,10,10,10,10,0,10
インターンシップ 略,90,110,50,50,70,70,110,70,50,70,70,140
docomo 2020,40,30,10,30,20,10,20,20,20,10,20,20
vorkers 就活,70,40,30,40,40,70,90,170,210,320,480,260
npo 新卒 求人,10,0,0,10,10,10,10,0,10,10,10,30
横浜 求人 新卒,10,10,10,10,10,10,10,10,10,10,10,10
is インターンシップ,30,30,20,20,20,20,30,20,30,10,20,40
日記 楽天,20,50,40,30,20,30,40,20,30,20,30,10
五輪 日本,10,10,70,20,10,10,20,320,20,10,10,10
院生 就活 時期,10,10,20,10,10,10,10,10,10,30,20,20
不動産 値段 推移,10,10,20,20,10,10,20,10,10,10,20,10
土地 価格 将来,40,30,30,10,20,20,10,10,10,30,20,20
地価 暴落,40,70,70,210,70,90,70,70,90,70,90,110
面接 台風,90,210,40,210,10,10,10,10,10,10,10,70
大卒 就職 解禁,10,10,10,10,10,10,10,10,10,10,10,0
東京 就活 イベント 2018,10,0,10,0,0,0,10,10,10,10,10,10
日本 土地 値段,10,10,10,10,10,10,10,10,10,10,10,10
ソニー インターン 冬,90,40,110,170,170,140,170,50,20,20,30,90
インターンシップ 募集 福岡,10,10,0,10,10,0,10,10,10,10,10,10
地方 土地 価格,10,20,20,10,10,10,10,10,20,20,40,20
intern 映画,20,20,10,20,20,20,20,20,30,30,40,30
マイナビ スケジュール,40,30,10,20,40,20,50,90,110,50,40,50
就活 面接 無料,10,10,10,10,10,0,10,10,10,10,10,10
東京 土地 価値,10,10,10,10,10,10,10,10,10,10,10,10
インターン 掲示板,320,90,30,20,30,40,50,30,10,10,10,70
小学校 授業 英語,10,10,10,10,20,10,10,10,10,10,10,10
東京 新卒 就職,10,10,10,10,10,10,10,10,10,10,10,10
土地 下落,40,90,70,70,30,50,40,70,50,30,70,50
日本 英語 小学校,10,10,10,20,10,10,10,10,10,10,10,10
五輪 読み方,50,70,70,70,50,70,110,590,110,70,70,90
神奈川 土地 価格 ランキング,10,10,10,10,10,10,10,10,10,10,10,10
ベンチャー 就活 面接,10,0,0,10,10,10,10,10,10,10,10,0
求人 就職 転職,0,0,10,10,0,10,10,10,10,0,10,10
オリンピック 自転車 通販,10,10,10,10,10,10,10,10,10,10,0,30
東京 マンション オリンピック,10,10,10,10,10,10,10,0,10,20,10,10
大学 新卒 就職,10,10,10,10,10,10,10,10,10,10,10,10
就活 面接 かばん,110,70,50,50,50,40,50,70,210,170,140,110
自動車 未来 技術,10,20,20,10,10,10,10,10,10,20,20,20
就活 面接 解禁,10,10,10,10,10,10,40,70,140,90,210,140
就活 経団連 2018,10,0,0,10,10,10,10,10,10,10,10,10
家 購入 オリンピック,40,40,30,40,30,30,30,30,20,20,40,30
大阪 新卒 就職,10,10,10,10,10,0,10,10,10,20,10,10
マンション 値下がり いつ,30,50,70,40,50,20,50,20,70,40,30,30
東京 マンション 価格 下落,10,10,30,10,10,10,10,10,10,10,10,10
土地 価格 推移 予測,10,10,10,10,20,10,10,10,10,10,10,10
npo 求人 新卒,10,10,0,10,10,10,10,10,0,10,10,10
tokyo orn,50,50,50,40,40,50,50,50,40,40,20,20
スーパーマーケット 動向,20,20,20,20,20,20,20,20,10,10,30,20
一戸建て 価格 今後,20,10,10,0,10,10,10,10,10,10,10,10
新卒 面接 内容,10,10,20,10,10,10,10,20,20,20,30,10
東京 不動産 暴落,70,30,50,50,20,30,30,10,40,20,50,30
夏休み インターン 大阪,10,10,0,0,0,0,10,0,10,10,10,10
地価 今後,30,30,20,20,40,50,30,30,40,40,70,30
就活 プロセス,20,10,10,20,20,10,20,30,20,20,20,20
マンション 暴落 東京,90,70,90,50,50,40,40,40,40,30,110,170
就職 いつから,40,40,40,70,50,50,70,70,110,50,50,50
就職 wiki,20,20,20,10,10,10,10,10,30,10,10,10
面接 就活 流れ,20,10,10,10,20,10,20,20,70,90,70,40
東京 マンション 購入 時期,10,20,10,20,20,20,20,10,20,20,10,10
五輪 東京,50,50,40,50,30,50,50,140,40,20,40,40
オリンピック サイト,50,20,30,20,20,30,50,720,70,30,30,30
就活 面談 面接,10,10,10,10,20,10,10,30,70,110,70,20
2020 5g,20,20,20,30,20,30,50,30,50,30,50,50
オリンピック 日本 2020,40,50,20,40,40,20,30,90,30,30,30,30
採用 楽天,10,10,10,10,20,10,10,10,10,20,30,10
就職 求人 東京,10,10,10,10,10,10,10,10,10,10,10,10
it これから,140,90,70,70,90,70,90,70,90,140,170,90
東京 マンション 暴落,50,40,30,20,10,10,10,10,20,20,30,40
就活 面接 英語,40,20,10,20,10,20,20,20,50,90,90,50
不動産 下がる,50,30,20,40,20,20,30,20,30,30,70,40
オリンピック エンブレム 招致,10,10,10,10,10,10,10,10,10,10,0,0
英語 小学校 導入,20,20,10,10,10,10,10,10,10,10,10,10
楽天 就活 掲示板,50,10,10,10,10,10,30,50,70,50,40,40
マンション 下がる,20,10,50,10,30,10,30,20,20,20,30,30
小学 英語 必修,10,10,10,10,10,10,10,10,10,10,10,10
日本 2020,50,40,40,40,30,20,50,40,50,30,40,20
年度 カレンダー エクセル,10,10,10,10,20,20,20,40,70,70,40,20
マイナビ インターン 申し込み,20,10,10,10,20,20,30,40,10,20,30,70
不動産 予測,30,40,30,30,20,10,40,30,40,20,30,30
就活 面接 ノック,40,30,20,20,20,20,30,30,90,140,90,50
みんしゅう 掲示板,90,40,20,20,20,30,90,70,110,260,320,260
就活 面接 やり方,30,20,10,10,20,10,20,50,90,110,50,40
就活 タイミング,30,40,30,30,30,40,30,90,90,70,40,50
ワークス インターン 映画,10,10,0,10,10,10,0,10,10,10,10,10
2020tokyo,70,30,40,40,40,30,50,70,40,50,30,40
マンション 新書,10,10,10,10,10,10,10,10,10,0,10,10
インターン バイト どっち,30,30,30,20,10,10,20,30,40,30,40,40
就活 前倒し 2018,10,0,0,0,10,0,0,10,10,0,10,10
大卒 就活 時期,10,10,10,10,10,10,20,10,20,10,10,10
japan japan japan,40,50,70,90,70,50,70,40,90,50,70,70
就活 2018 経団連,0,10,0,0,0,10,0,10,10,0,0,0
就活 大学生 いつから,20,30,30,30,10,10,50,70,90,20,30,20
スーパーマーケット 市場,20,20,30,20,40,20,20,30,30,20,40,20
オリンピック オンライン,50,50,70,50,50,50,50,1000,40,50,50,50
オリンピック 誘致 エンブレム,10,10,0,10,0,10,10,10,10,10,10,10
インターンシップ 2015,0,10,0,0,10,10,10,10,10,10,10,10
インターンシップ イベント 東京,10,10,10,10,10,10,10,10,10,10,10,40
就活 面接 数,30,10,10,20,10,10,10,40,140,210,70,20
英語 必修,50,50,40,40,50,40,50,70,50,70,40,70
都内 マンション 下落,10,10,10,30,10,10,10,10,10,10,10,20
マンション 破綻,20,30,30,30,10,20,40,10,20,20,40,30
みん就 就活,10,10,10,10,10,20,40,70,110,390,90,70
就職 面接 カバン,70,70,110,70,50,50,70,70,70,70,70,50
インターンシップ インターシップ,50,70,40,40,30,30,30,30,30,30,30,70
オリンピック 年,90,90,90,70,90,110,140,260,50,50,50,70
2020 年,6600,8100,6600,5400,6600,8100,8100,8100,6600,8100,8100,8100
面接 口コミ,20,20,10,20,10,20,20,20,30,20,20,10
スーパーマーケット 調査,10,10,10,40,10,10,10,10,10,10,10,10
インターンシップ 募集 マイナビ,10,10,10,10,10,0,10,0,10,10,20,30
大学生 インターン いつ,10,10,10,0,10,10,10,10,10,10,10,10
楽天 インターン 2018,30,10,10,0,10,10,10,10,10,20,90,50
インターンシップ 語源,30,50,30,20,20,10,30,40,20,20,30,30
面接 コツ 就活,10,10,10,20,20,10,10,20,70,140,50,40
イギリス 就職 新卒,0,10,10,10,10,10,10,10,10,10,10,20
日本 小学校 英語,30,10,10,20,10,10,20,10,10,10,10,20
マイナビ 解禁,10,10,10,10,10,10,20,140,10,10,10,10
オリンピック 2020 東京,10,10,10,10,10,10,20,10,10,10,10,10
インターン 締切 一覧 2017,0,10,10,10,10,0,0,0,0,0,0,0
2020 オリンピック 東京,20,10,10,10,10,20,20,20,10,10,10,10
就活 時期 大学生,10,10,10,10,30,10,20,10,10,10,10,10
オリンピック カウントダウン,90,140,140,480,260,170,170,140,110,90,170,140
就活 仕事 種類,10,10,10,10,10,10,10,10,10,10,10,10
就活 大学生 時期,10,10,10,10,10,20,10,10,10,30,20,10
tokyo 五輪,20,50,20,20,10,20,20,30,20,20,20,20
台風 就活,30,50,10,20,0,0,0,0,10,10,0,30
みんしゅう 就職,20,10,10,10,10,40,20,10,70,110,90,40
パラリンピック 理念,50,50,40,70,70,50,90,110,140,40,70,110
うるう年 カレンダー,40,40,40,40,40,50,260,210,90,90,90,50
マンション 修繕 問題,10,10,10,10,10,10,20,10,10,10,10,10
企業 インターン 時期,20,10,10,10,10,10,10,10,20,20,40,20
楽天 2018 新卒,0,0,10,0,0,0,10,0,10,10,10,0
小学生 英語 必修 いつから,20,10,10,10,10,10,20,30,50,30,20,20
インターンシップ アルバイト 違い,10,70,20,20,10,10,10,20,20,50,50,50
車 将来,70,50,70,70,50,70,50,50,30,40,90,40
インターン 締切 まとめ 2018,0,0,0,0,0,0,0,0,0,0,10,10
東京 招致 エンブレム,10,10,10,10,0,10,10,10,10,10,10,10
オリンピック 東京 求人,10,10,10,10,10,10,10,10,10,10,10,20
車 未来 技術,50,40,90,110,70,70,70,70,50,70,70,40
オリンピック 東京 2020,30,50,50,50,50,140,50,90,30,50,50,40
日本 不動産 今後,10,10,20,10,10,10,10,10,20,30,70,50
就活 面接 楽しい,10,10,10,10,10,10,10,20,50,70,30,20
就職 大阪 新卒,10,10,10,10,10,10,10,10,10,10,10,10
スーパー 動向,10,10,10,20,10,10,30,20,10,10,10,20
就職 時間,10,10,20,10,10,10,20,10,20,10,10,10
スーパーマーケット 課題,70,30,20,40,40,40,40,20,30,70,50,40
就活 大学 いつから,10,20,30,20,20,10,20,50,50,40,30,20
就職 転職 求人,10,0,0,20,0,0,0,0,10,0,10,0
日本 地価 推移,30,40,30,40,40,40,50,30,30,30,30,30
学生 就活 時期,10,10,10,10,10,10,10,10,10,10,10,10
インターンシップ 募集 京都,10,10,10,10,10,10,10,10,10,10,10,10
解禁 就職,10,10,10,10,10,10,10,90,20,10,30,10
新卒 2018 スケジュール,10,10,10,10,10,10,10,10,10,10,10,0
楽天 就職 2ch,70,50,40,30,40,40,30,50,110,90,90,110
就活 解禁 いつ,10,30,70,70,140,110,140,170,50,30,40,30
就活 今年 いつから,10,10,10,10,10,10,10,10,10,10,10,10
スーパー 市場,20,30,20,30,20,30,40,30,30,30,40,30
大学 就職 内定 時期,20,20,20,20,10,10,10,10,20,20,20,20
就活 面接 av,10,10,10,10,10,10,10,10,20,30,10,20
就活 業界 時期,10,10,10,10,10,10,10,10,20,20,30,20
スーパー 調査,10,10,20,10,10,10,10,10,10,10,10,20
2020 it,20,10,20,10,20,10,20,10,20,30,20,20
東京 地価 暴落,30,20,10,20,20,20,20,20,10,10,20,20
2020 教育,30,20,20,40,40,20,50,40,40,30,40,20
ベトナム 人口 2016,70,40,20,10,10,10,10,10,10,10,10,10
ev 未来,50,70,70,90,40,50,70,50,30,40,50,30
就活 冬休み,10,10,10,10,10,30,10,10,0,10,10,10
マイナビ インターン 夏,10,10,0,0,10,0,0,10,10,10,10,10
地方 地価,10,10,30,10,10,20,10,10,40,20,20,10
就活 面接 平均,10,10,20,10,10,10,10,30,140,170,90,40
マイナビ インターン ログイン,10,10,10,0,10,10,10,10,10,0,10,10
流通 課題,40,30,20,50,40,30,30,20,50,30,40,40
オリンピック 不動産 影響,10,10,10,10,30,20,20,10,10,10,10,10
カ年,30,40,30,40,30,30,50,40,30,40,40,40
就職 時期 2018,10,0,10,10,10,10,10,10,10,10,10,10
東京 不動産 今後,20,20,10,20,10,30,20,20,50,30,70,30
就職 準備 いつから,10,10,10,30,20,10,20,20,20,20,10,10
みん就 2018,10,10,0,10,10,10,10,10,10,10,10,10
ana インターンシップ 募集,10,10,10,10,10,0,0,10,10,10,10,10
インターン 冬 2015,0,0,10,0,0,0,0,0,0,0,0,0
スーパーマーケット 現状,40,10,10,20,20,10,10,10,10,10,10,10
家 価格 今後,10,10,10,10,10,10,10,10,20,20,20,10
オリンピック パンフレット,20,10,20,20,10,10,10,30,20,30,20,10
工学部 就活 時期,10,10,10,10,10,10,10,10,20,10,10,10
新卒 楽天,10,10,10,10,10,10,10,10,20,10,10,30
rio tokyo olympic,10,10,10,10,10,10,10,40,10,10,10,10
カレンダー うるう年,30,30,30,30,40,30,30,50,30,40,30,30
インターンシップ 研修 違い,10,10,10,20,10,10,10,20,90,40,30,30
2020 英語 読み方,50,20,20,40,40,50,70,90,70,70,140,140
暴落 予想,70,30,30,70,40,30,40,50,40,30,70,50
小売 課題,30,20,20,50,30,20,30,20,40,40,50,50
英語 日本 教育,30,10,10,10,10,10,10,10,10,10,10,10
冬休み 就活,10,0,10,10,10,30,10,0,0,10,10,10
不動産 下落 東京,0,10,10,10,0,0,0,0,10,0,10,10
小学校 英語 必修 いつから,10,20,20,10,10,10,10,20,30,20,20,20
今後 不動産,10,10,20,20,20,10,10,10,20,10,20,10
面接 動画 就活,50,10,10,10,20,20,20,20,110,50,10,10
2020 予測,10,10,20,10,10,20,20,10,10,20,10,10
就活 スタート いつ,10,10,10,20,20,30,20,20,20,30,20,20
インターンシップ 募集 広島,10,0,0,0,10,0,0,10,10,10,10,0
地価 将来,20,20,20,10,10,20,20,10,20,20,20,10
レポート 就活,20,10,10,10,10,10,10,10,10,30,30,20
未来 暮らし 予測,20,20,10,10,10,20,30,10,10,20,20,30
日本 教育 英語,30,20,10,10,10,10,20,10,10,10,20,20
オリンピック 東京 ピンバッジ,10,10,10,10,10,10,10,20,10,10,10,0
就活 面接 いつ,10,10,10,10,10,10,20,40,70,20,10,10
2020 オリンピック 歌,10,40,20,20,20,20,30,50,20,10,10,10
就活 es 提出 時期,10,10,10,20,20,40,40,50,50,20,10,10
面接 やり方 就活,10,0,10,10,10,10,10,10,10,20,20,20
インターンシップ サイト マイナビ,10,10,10,10,10,10,10,10,10,10,10,10
オリンピック バナー,10,10,10,10,10,20,30,20,10,10,10,10
マンション 購入 問題,30,50,110,140,50,70,90,70,20,10,10,10
楽天 インターン 2017,70,20,20,10,10,10,10,0,10,0,10,10
家 価格 下がる,10,10,20,10,10,10,20,10,10,10,10,10
楽天 就職 掲示板,10,10,10,10,10,10,10,10,30,10,10,10
就活 面接 直前,10,10,10,10,10,10,10,30,30,70,50,20
面接 就活 準備,10,10,0,10,10,10,10,10,40,30,20,10
楽天 民衆,40,30,10,20,30,30,50,70,90,110,90,90
就活 es 時期,10,10,10,10,10,20,50,110,90,40,10,10
楽天 面接 転職,10,0,10,10,10,10,10,10,20,10,20,10
大学 就職 時期,20,10,20,10,10,20,20,20,20,20,30,30
五輪 公式,10,10,50,10,10,70,20,590,90,10,10,10
将来 自動車,10,10,10,10,10,10,20,10,10,10,10,10
大学 就職 解禁,10,10,10,10,10,10,10,20,30,20,20,20
面接 ツイッター,30,10,30,30,20,30,20,20,40,30,30,40
都庁 オリンピック 採用,20,10,10,0,10,0,10,10,10,10,10,10
就職 面接 解禁,10,10,10,10,10,10,10,10,30,20,70,30
楽天 みんな,30,10,20,10,10,10,20,10,70,50,20,10
リクナビ マイナビ インターンシップ,30,10,10,10,10,10,10,10,10,10,50,50
スーパーマーケット トレンド,30,40,10,20,30,10,20,20,30,20,30,40
不動産 将来 展望,10,10,10,10,10,10,0,10,20,10,10,10
オリンピック マンション 影響,20,30,20,30,10,10,20,20,20,10,10,10
採用 2018 スケジュール,10,10,10,0,10,0,10,10,0,0,10,10
オリンピック リオ 東京,10,10,10,10,10,10,10,30,10,10,10,10
面接 泣く 就活,70,10,10,0,0,10,0,10,10,10,10,10
エンジン 未来,30,40,30,30,20,20,10,20,20,10,20,20
沖縄 新卒 就活,10,40,10,0,0,10,10,0,10,10,0,10
東京 オリンピック,74000,90500,74000,90500,74000,110000,110000,246000,110000,74000,90500,90500
就活 大学 時期,10,10,10,10,10,10,10,10,10,10,10,10
インターンシップ 募集 沖縄,10,0,0,0,0,0,10,0,0,10,10,10
luff オリンピック,0,10,10,10,10,0,0,0,0,0,0,0
2020 オリンピック パラリンピック,40,40,30,40,50,50,50,40,30,30,40,50
楽天 採用 2018,20,10,10,20,20,10,20,30,20,20,20,10
日本 不動産 将来,10,10,10,10,10,10,20,20,10,10,10,0
就職 面接 バック,10,10,20,20,10,10,10,10,10,10,10,10
2018 選考,10,10,10,0,0,10,10,10,10,0,10,10
オリンピック hp,10,10,90,20,10,20,20,210,20,10,10,10
オリンピック 復活 競技,20,10,10,10,10,10,10,10,10,10,10,10
オリンピック タイトル,10,10,10,10,10,10,10,20,0,10,10,10
オリンピック ジャパン,10,10,20,10,10,10,10,170,20,10,10,10
マイナビ リクナビ インターン,20,10,20,10,10,10,10,10,10,10,30,40
教育 2020,20,10,10,20,10,10,30,20,20,10,20,20
就活 面接 礼儀,10,10,0,10,10,10,10,10,20,30,10,20
新卒 求人 解禁,10,10,10,10,10,10,10,10,10,10,10,10
オリンピック マンション 高騰,10,0,10,10,10,20,20,10,10,10,10,10
住宅 価格 下落 日本,10,10,10,10,10,10,10,10,10,10,10,10
就活 来年 時期,0,0,0,0,0,0,0,0,0,10,0,0
面接 twitter,10,10,20,10,20,10,10,10,20,20,20,30
就職 経団連,10,10,10,10,10,10,10,10,10,10,10,10
経団連 就職 解禁,10,10,10,10,10,20,30,10,10,10,20,10
就活 はじまり,10,0,10,10,10,10,10,10,10,10,10,10
小学校 年,20,20,20,20,30,20,20,20,30,30,20,10
干支 2020,10,20,10,20,40,50,70,30,20,30,30,40
地価 推移 長期,10,10,10,10,10,0,0,10,10,10,10,10
就職 みんな,0,0,10,0,0,0,0,10,10,10,10,10
twitter 面接,20,20,10,10,20,10,20,20,20,20,20,30
hp 組織,0,10,0,10,10,10,10,10,10,10,10,10
不動産 人口,10,10,10,10,10,0,10,10,10,10,10,10
オリンピック 2020 歌,10,10,10,10,10,10,10,30,10,10,10,10
改革 英訳,20,20,20,20,20,10,20,10,10,10,10,20
オリンピ,20,30,30,20,40,30,40,390,70,40,50,40
小学校 英語 学年,10,10,10,10,10,10,10,10,10,10,10,10
爆笑 面接,10,20,20,10,10,10,10,10,10,20,10,10
小学校 英語 義務,20,10,10,10,10,10,20,10,10,10,10,10
2020 人口,10,10,30,30,20,20,20,20,10,10,20,10
就職 面接 ビデオ,10,0,10,10,10,0,10,10,10,10,0,10
冬 インターン 2015,10,0,0,0,0,0,0,0,0,0,0,0
就活 面接 無断,10,10,0,10,10,0,0,10,10,10,10,0
誘致 オリンピック,10,10,10,10,10,10,10,10,10,10,10,10
ハイブリッド 未来,10,20,20,10,10,10,20,10,10,10,10,10
面接 就活 動画,10,10,0,0,10,10,10,10,10,10,10,10
2020 自動車,10,10,10,10,10,10,10,10,10,10,10,10
5g オリンピック,20,20,10,30,40,20,50,140,70,40,40,40
top オリンピック,20,10,10,10,10,10,10,20,10,10,10,10
面接 基本 就活,10,10,10,0,0,10,10,10,10,30,10,10
2020 日本 人口,10,10,10,10,10,10,10,10,10,0,10,10
就職 決定 時期,10,10,10,10,10,10,10,10,10,10,20,20
2018 採用 解禁,10,10,0,10,10,10,10,10,10,10,10,10
楽天 新卒 面接,10,0,10,10,0,10,10,30,20,20,10,10
自動車 2020,10,10,10,10,10,10,10,10,10,10,10,10
オリンピック 東京 開催,10,10,10,10,10,20,10,10,10,10,10,10
就職 みんなの,0,0,10,10,0,10,10,10,10,10,10,10
求人 ハローワーク 新卒,0,10,10,0,0,0,0,0,0,10,10,0
就活 面接 色,10,10,10,10,0,0,10,10,10,10,10,10
olympic 東京,10,10,10,10,10,10,10,10,10,10,10,10
オリンピック 東京 前回,10,10,10,10,10,10,10,20,10,10,10,10
オリンピック 壁紙 2020,0,0,0,0,0,0,0,10,0,0,10,10
楽天 インターン 日程,10,10,10,0,0,10,10,10,0,0,10,10
マンション 大丈夫,0,10,10,10,10,0,10,0,0,10,0,10
インターンシップ 冬 2015,0,10,10,0,0,0,0,0,0,0,0,0
地価 推移 予想,10,10,10,10,10,10,10,10,0,10,10,10
スーパー 研究,10,10,10,10,10,10,10,10,10,10,10,10
開幕 オリンピック,0,0,10,10,0,0,10,10,10,0,10,0
楽天 就活 ブログ,10,10,0,0,0,0,0,0,10,0,10,10
都庁 採用 オリンピック,0,0,10,10,10,10,0,10,10,0,0,10
ユンジチ 2014,0,10,0,0,0,0,0,10,0,0,0,0
